0, 942.478, -0.0016349916666666667, -0.00774575, 0.0, 0.0, 116.04171520564077, -115.03445540180077, 1
0, 1100.33, -0.0016349916666666667, -0.00774575, 0.0, 0.0, 116.04171520564077, -115.03445540180077, 1
0, 1263.95, -0.0016349916666666667, -0.00774575, 0.0, 0.0, 116.04171520564077, -115.03445540180077, 1
0, 1432.32, -0.0016349916666666667, -0.00774575, 0.0, 0.0, 116.04171520564077, -115.03445540180077, 1
0, 1605.57, -0.0016349916666666667, -0.00774575, 0.0, 0.0, 116.04171520564077, -115.03445540180077, 1
0, 1783.85, -0.0016349916666666667, -0.00774575, 0.0, 0.0, 116.04171520564077, -115.03445540180077, 1
0, 1967.31, -0.0016349916666666667, -0.00774575, 0.0, 0.0, 116.04171520564077, -115.03445540180077, 1
0, 2156.5, -0.0016349916666666667, -0.00774575, 0.0, 0.0, 116.04171520564077, -115.03445540180077, 1
0, 2359.56, -0.0016349916666666667, -0.00774575, 0.0, 0.0, 116.04171520564077, -115.03445540180077, 1
0, 2580.78, -0.0016349916666666667, -0.00774575, 0.0, 0.0, 116.04171520564077, -115.03445540180077, 1
0, 2821.75, -0.0016349916666666667, -0.00774575, 0.0, 0.0, 116.04171520564077, -115.03445540180077, 1
0, 3084.25, -0.0016349916666666667, -0.00774575, 0.0, 0.0, 116.04171520564077, -115.03445540180077, 1
0, 3368.7, -0.0016349916666666667, -0.00774575, 0.0, 0.0, 116.04171520564077, -115.03445540180077, 1
0, 3672.92, -0.0016349916666666667, -0.00774575, 0.0, 0.0, 116.04171520564077, -115.03445540180077, 1
0, 3998.1, -0.0016349916666666667, -0.00774575, 0.0, 0.0, 116.04171520564077, -115.03445540180077, 1
0, 4345.29, -0.0016349916666666667, -0.00774575, 0.0, 0.0, 116.04171520564077, -115.03445540180077, 1
0, 4712.09, -0.0016349916666666667, -0.00774575, 0.0, 0.0, 116.04171520564077, -115.03445540180077, 1
0, 5098.62, -0.0016349916666666667, -0.00774575, 0.0, 0.0, 116.04171520564077, -115.03445540180077, 1
0, 5504.72, -0.0016349916666666667, -0.00774575, 0.0, 0.0, 116.04171520564077, -115.03445540180077, 1
0, 5926.31, -0.0016349916666666667, -0.00774575, 0.0, 0.0, 116.04171520564077, -115.03445540180077, 1
0, 6363.39, -0.0016349916666666667, -0.00774575, 0.0, 0.0, 116.04171520564077, -115.03445540180077, 1
0, 6812.3, -0.0016349916666666667, -0.00774575, 0.0, 0.0, 116.04171520564077, -115.03445540180077, 1
0, 7270.74, -0.0016349916666666667, -0.00774575, 0.0, 0.0, 116.04171520564077, -115.03445540180077, 1
0, 7738.29, -0.0016349916666666667, -0.00774575, 0.0, 0.0, 116.04171520564077, -115.03445540180077, 1
0, 8213.97, -0.0016349916666666667, -0.00774575, 0.0, 0.0, 116.04171520564077, -115.03445540180077, 1
0, 8690.56, -0.0016349916666666667, -0.00774575, 0.0, 0.0, 116.04171520564077, -115.03445540180077, 1
0, 9139.95, -0.0016349916666666667, -0.00774575, 0.0, 0.0, 116.04171520564077, -115.03445540180077, 1
0, 9561.2, -0.0016349916666666667, -0.00774575, 0.0, 0.0, 116.04171520564077, -115.03445540180077, 1
0, 9583.95, -0.0016349916666666667, -0.00774575, 0.0, 0.0, 116.04171520564077, -115.03445540180077, 1
0, 9583.95, -0.0016349916666666667, -0.00774575, 0.0, 0.0, 116.04171520564077, -115.03445540180077, 1
0, 9583.95, -0.0016349916666666667, -0.00774575, 0.0, 0.0, 116.04171520564077, -115.03445540180077, 1
0, 9583.95, -0.0016349916666666667, -0.00774575, 0.0, 0.0, 116.04171520564077, -115.03445540180077, 1
0, 9583.95, -0.0016349916666666667, -0.00774575, 0.0, 0.0, 116.04171520564077, -115.03445540180077, 1
0, 9583.95, -0.0016349916666666667, -0.00774575, 0.0, 0.0, 116.04171520564077, -115.03445540180077, 1
0, 9583.95, -0.0016349916666666667, -0.00774575, 0.0, 0.0, 116.04171520564077, -115.03445540180077, 1
0, 9583.95, -0.0016349916666666667, -0.00774575, 0.0, 0.0, 116.04171520564077, -115.03445540180077, 1
0, 9583.95, -0.0016349916666666667, -0.00774575, 0.0, 0.0, 116.04171520564077, -115.03445540180077, 1
0, 9583.95, -0.0016349916666666667, -0.00774575, 0.0, 0.0, 116.04171520564077, -115.03445540180077, 1
0, 9583.95, -0.0016349916666666667, -0.00774575, 0.0, 0.0, 116.04171520564077, -115.03445540180077, 1
0, 9583.95, -0.0016349916666666667, -0.00774575, 0.0, 0.0, 116.04171520564077, -115.03445540180077, 1
0, 9583.95, -0.0016349916666666667, -0.00774575, 0.0, 0.0, 116.04171520564077, -115.03445540180077, 1
0, 9583.95, -0.0016349916666666667, -0.00774575, 0.0, 0.0, 116.04171520564077, -115.03445540180077, 1
0, 9583.95, -0.0016349916666666667, -0.00774575, 0.0, 0.0, 116.04171520564077, -115.03445540180077, 1
0, 9583.95, -0.0016349916666666667, -0.00774575, 0.0, 0.0, 116.04171520564077, -115.03445540180077, 1
0, 9583.95, -0.0016349916666666667, -0.00774575, 0.0, 0.0, 116.04171520564077, -115.03445540180077, 1
0, 9583.95, -0.0016349916666666667, -0.00774575, 0.0, 0.0, 116.04171520564077, -115.03445540180077, 1
0, 9583.95, -0.0016349916666666667, -0.00774575, 0.0, 0.0, 116.04171520564077, -115.03445540180077, 1
0, 9583.95, -0.0016349916666666667, -0.00774575, 0.0, 0.0, 116.04171520564077, -115.03445540180077, 1
0, 9583.95, -0.0016349916666666667, -0.00774575, 0.0, 0.0, 116.04171520564077, -115.03445540180077, 1
0, 9583.95, -0.002460602777777778, 0.011232444444444446, -115.56787910906758, 112.79934704299544, -219.24745692696567, 221.20639962851797, 1
1, 956.343, -0.013451194444444446, 0.00014692722222222222, 82.08709035059792, -84.62987704538851, 197.32036210730908, -141.96404473074458, 1
1, 971.761, -0.013997861111111112, -0.004687222222222223, -107.92175733304674, 106.6996383560327, -104.1625812391934, 234.63080076843318, 1
1, 987.193, -0.011175166666666667, -0.011740722222222224, 90.97194687969159, -92.38715263366473, 202.785806515062, -159.22210647788012, 1
1, 1002.64, -0.008649277777777778, -0.012928083333333335, -99.44713858526671, 98.67078077286446, -130.3885783957166, 210.2325389783773, 1
1, 1018.09, -0.009341166666666666, -0.01095588888888889, 98.89996389091678, -99.58865916066405, 179.5741403187221, -161.79468697801752, 1
1, 1033.55, -0.01013677777777778, -0.010193472222222222, -90.3995620423559, 90.42878288990757, -122.70177661624145, 217.30513000147218, 1
1, 1049.03, -0.01085536111111111, -0.011008416666666668, 108.4769534365285, -107.73440013403895, 186.99795447023214, -154.40123958964938, 1
1, 942.478, -0.011513805555555557, -0.012536527777777778, -81.05748519274782, 82.24408078646375, -102.02143795878952, 249.91788770031863, 1
1, 942.478, 0.06347027777777778, -0.011488972222222223, 112.10835994206766, -112.44239433662894, 291.7415149136882, 120.12862315830891, 1
1, 942.478, 0.1806925, -0.0010101055555555556, -70.3036403359374, 101.58083341433391, 299.3274761212203, -98.36883201483052, 1
1, 942.478, 0.27364583333333337, 0.0046149166666666665, 123.92103080427984, -46.158969666006456, 331.49332673986476, -84.78285677668843, 1
1, 942.478, 0.3519027777777778, 0.007299805555555555, 94.35984632230014, 19.916414029204006, 521.0884988954249, 22.05045263294827, 1
1, 942.478, 0.46596944444444444, 0.013889833333333336, 36.639791561923445, 111.85167484984905, 212.5576017110182, 225.06698925210947, 1
1, 942.478, 0.5535333333333333, 0.01311138888888889, 128.5470920421661, 55.19468598255808, 230.8974077753607, 228.40504136654164, 1
1, 942.478, 0.6910222222222223, 0.010777555555555556, 77.05594795155416, 135.45696305144384, 79.50878027250921, 77.07141781202269, 1
1, 942.478, 0.7717666666666667, 0.010713444444444446, 162.5974008489958, 84.92036664751984, 180.61176688570401, 160.5920485660379, 1
1, 942.478, 0.8462083333333333, 0.021744055555555558, 108.01514945365305, 175.10678839008708, 144.9566032947129, 401.0784780007081, 1
1, 942.478, 0.9419611111111111, 0.024311250000000003, 197.40401394539816, 120.15440625908981, 423.6226483657206, 155.72018843404055, 1
1, 942.478, 1.037363888888889, 0.02610502777777778, 143.36836428661024, 208.46954784275977, 172.6780202965275, 440.8996177200954, 1
1, 942.478, 1.1328472222222221, 0.029362222222222224, 232.38308733813497, 153.88557757403163, 460.3056982411764, 189.05544591254696, 1
1, 942.478, 1.2283444444444445, 0.0320075, 179.03957069586505, 241.8443394091302, 207.1574744919102, 475.1911417586752, 1
1, 942.478, 1.3245694444444445, 0.03549083333333333, 266.8390502639172, 188.7552160278984, 489.6818173553288, 223.4151519287473, 1
1, 942.478, 1.4200527777777778, 0.03857916666666667, 215.34160363755888, 274.9206199642375, 242.42130790882695, 506.03861649072354, 1
1, 993.698, 1.523525, 0.041030833333333336, 340.153010855472, 186.51036738657584, 234.3638024359022, 588.8172669000444, 1
1, 1067.02, 1.6177750000000002, 0.04082027777777778, 212.79366032261208, 347.29034610941665, 619.1152751065623, 261.5317422076204, 1
1, 1052.88, 1.7186055555555557, 0.04305972222222222, 372.9451043441944, 221.48886782151746, 283.6496319730556, 600.6373862135933, 1
1, 942.478, 1.8326583333333335, 0.046131111111111116, 248.90833606529813, 380.06238607530946, 544.2337019875297, 205.4735515320207, 1
1, 942.478, 1.9283055555555557, 0.0500525, 406.41672577794196, 256.6272234813006, 210.23368489396756, 566.619736001086, 1
1, 959.056, 2.02385, 0.053048888888888895, 285.59425072972965, 411.19920449389895, 589.533464143958, 223.97722352577063, 1
1, 1006.45, 2.1202666666666667, 0.05622166666666667, 439.77547452604875, 290.89640216587026, 248.32162728308418, 603.1297526224124, 1
1, 1058.4, 2.217897222222222, 0.059998888888888886, 322.15697946820796, 443.3043215862595, 628.8784759355916, 267.81651626241046, 1
1, 1110.55, 2.3172, 0.058687777777777776, 472.72513140843216, 326.99904579485855, 294.19148244566765, 646.0328323218084, 1
1, 1163.05, 2.4172333333333333, 0.059174444444444446, 359.4359054505999, 476.66765399672727, 670.3835386148684, 314.77957489810353, 1
1, 1217.27, 2.5177194444444444, 0.061650833333333335, 507.5288797158589, 364.7380568867405, 343.57987142814943, 687.2743344153251, 1
1, 1273.29, 2.613125, 0.0647786111111111, 492.76662212431324, 495.638859551304, 714.4096155927209, 364.0579559839202, 1
1, 1329.24, 2.720486111111111, 0.06826694444444445, 457.24896840415346, 543.0843486504972, 394.64817266595486, 731.0712282751252, 1
1, 1385.36, 2.8329444444444447, 0.07166833333333333, 443.2355666508438, 457.5967537857979, 757.3126952921168, 416.19367759405435, 1
1, 1438.18, 2.932055555555556, 0.07484777777777779, 563.06797062907, 410.3231520251439, 446.1650998573477, 772.5820205323533, 1
1, 1492.67, 3.030527777777778, 0.06993722222222222, 604.7283048708274, 520.0015979580618, 800.106913010438, 464.5238135289295, 1
1, 1543.62, 3.1405833333333337, 0.07176083333333333, 559.6554340012709, 579.6384830220486, 495.6801125125534, 812.4828013852639, 1
1, 1592.73, 3.2541944444444444, 0.07510888888888889, 500.3508644584599, 634.87161447266, 835.9855301415303, 513.5500931848886, 1
1, 1636.84, 3.369444444444445, 0.07921138888888889, 518.7674468673499, 567.8498763872319, 542.5721243816503, 844.9580492132789, 1
1, 1689.37, 3.4787222222222227, 0.0820525, 591.487250225354, 520.7538915430686, 872.9699558172249, 558.6212451810597, 1
1, 1726.51, 3.5839722222222226, 0.08145916666666667, 670.6986654021904, 538.5367826305439, 587.1614188721163, 877.1067110980695, 1
1, 1778.02, 3.6878333333333333, 0.07878777777777778, 718.5750187633219, 641.7413784362785, 907.880274274546, 598.6836001321972, 1
1, 1821.78, 3.8013055555555555, 0.0811, 700.0512932467424, 718.4432384704418, 632.9923129046309, 911.896708418413, 1
1, 1865.52, 3.9207777777777784, 0.08431777777777777, 666.2754312237804, 742.2324461242737, 937.2271725411467, 643.6321391602103, 1
1, 1911.17, 4.0431388888888895, 0.08818722222222222, 641.4548995387131, 698.481388888084, 675.803719356806, 944.5782210526752, 1
1, 1956.5, 4.166333333333333, 0.0850525, 745.8420802335978, 635.2325778835924, 835.1490117606393, 825.4087292434152, 1
1, 2002.95, 4.273388888888889, 0.08252111111111111, 816.797173582599, 727.5074307894115, 855.4431768641731, 841.3312263701008, 1
1, 2055.1, 4.387555555555555, 0.08444611111111111, 837.9221274890724, 786.8773175208673, 879.5417817273753, 864.7709297689028, 1
1, 2090.49, 4.510138888888889, 0.08726472222222223, 809.6122828316585, 837.0111245948144, 891.3790897747782, 878.6021309433609, 1
1, 2132.61, 4.635305555555556, 0.09028055555555557, 785.9032892691449, 841.4859249747861, 917.643475103575, 896.0945324287048, 1
1, 2214.21, 4.760972222222223, 0.08392722222222224, 771.1438964665749, 811.6749308941294, 940.1263389845087, 935.7031048060987, 1
1, 2204.8, 4.892194444444444, 0.08388055555555557, 787.5304894073165, 784.7401849450295, 920.6744218398172, 934.4425976568109, 1
1, 2163.48, 5.021277777777778, 0.08600833333333334, 851.930945580021, 792.0969630345091, 920.5884781705475, 939.4158713185465, 1
1, 2342.24, 5.132138888888889, 0.08715916666666668, 918.6232329332489, 830.1929268327576, 987.9912331897377, 986.2551710704913, 1
1, 2254.23, 5.268194444444444, 0.07948527777777778, 978.4457563228582, 911.2263477981099, 952.5767118727014, 960.2428871715518, 1
1, 2400.92, 5.389444444444445, 0.07893777777777777, 1003.5986035291014, 971.8968487245129, 1019.4007795188093, 1008.6807391719117, 1
1, 2421.65, 5.5312222222222225, 0.08195666666666666, 997.0898029764152, 1008.2510208255636, 1024.4657264277657, 1041.95812791311, 1
1, 2469.43, 5.673777777777778, 0.08333666666666667, 982.330410173845, 1019.0913823094387, 1076.8970942601875, 1021.2972698206923, 1
1, 2541.51, 5.818305555555557, 0.07458277777777779, 970.4415359248806, 1006.3373417898266, 1032.773614457163, 1124.0744391112594, 1
1, 2621.81, 5.964583333333334, 0.07256194444444444, 984.2899258331925, 993.4629801332371, 1154.6990332610021, 1069.9643049391045, 1
1, 2658.78, 6.112222222222223, 0.07650694444444445, 1021.7957431024562, 998.6998143807326, 1138.4098431454327, 1115.852494751132, 1
1, 2721.52, 6.258444444444445, 0.07204888888888888, 1078.9196352769993, 1024.7235574355745, 1148.545466541297, 1158.0680250963712, 1
1, 2792.8, 6.406472222222223, 0.06417611111111111, 1132.8922595783229, 1077.8825816678125, 1184.8136949730779, 1181.8285848604464, 1
1, 2868.03, 6.558861111111111, 0.06445416666666667, 1181.6051313203454, 1135.4591105005088, 1222.5085883147349, 1208.1158885010486, 1
1, 2945.67, 6.717666666666666, 0.06573416666666666, 1214.699173567102, 1186.2518190388564, 1256.4964447218954, 1240.373412366914, 1
1, 3026.35, 6.883222222222222, 0.056509722222222225, 1230.3982171536863, 1225.5567237848309, 1288.9946108617155, 1276.509860505815, 1
1, 3110.75, 7.054583333333333, 0.05279416666666667, 1238.4196262855178, 1248.887565202558, 1324.3862138669465, 1312.6692269565212, 1
1, 3197.55, 7.230583333333334, 0.0521925, 1248.904753936412, 1261.6473353001215, 1361.290425451323, 1349.3900920464557, 1
1, 3285.98, 7.4093888888888895, 0.04722222222222223, 1266.6034202280032, 1275.1462209534038, 1398.2290145034071, 1387.296979772311, 1
1, 3378.06, 7.590388888888889, 0.03911944444444445, 1293.7845380290094, 1295.3659015435703, 1436.3937332370713, 1427.0602507543902, 1
1, 3474.46, 7.7738611111111116, 0.03686305555555555, 1329.7892058750301, 1322.8621461318985, 1477.079466269311, 1467.9579781708283, 1
1, 3575.64, 7.9605555555555565, 0.0377025, 1369.6899867279408, 1356.998971565793, 1519.9596276569018, 1510.7464663111982, 1
1, 3682.59, 8.151361111111111, 0.026365888888888887, 1406.8520293201261, 1397.0028848218271, 1564.128944083537, 1557.0930223593305, 1
1, 3796.78, 8.346555555555556, 0.021712361111111113, 1443.859373307626, 1435.7061838829143, 1611.9995678667171, 1605.805894101353, 1
1, 3920.43, 8.54636111111111, 0.020114, 1480.05311722604, 1473.137516638811, 1664.0184060866447, 1658.2888281353364, 1
1, 4056.73, 8.750833333333334, 0.01643425, 1515.4160723415143, 1510.5000944592919, 1721.2339715084088, 1716.1518358655983, 1
1, 4210.62, 8.960083333333335, 0.004966305555555556, 1549.6846780682888, 1549.4211174825286, 1785.892258688922, 1781.2799484381192, 1
1, 4379.32, 9.174138888888889, 0.0020564805555555554, 1586.4857572495416, 1586.9899601092568, 1856.7614083686535, 1853.1002080577678, 1
1, 4567.01, 9.392583333333333, 0.002138913888888889, 1624.501506956472, 1624.656205561157, 1934.506051589955, 1933.617967007502, 1
1, 4786.7, 9.61525, -0.003934916666666666, 1661.869814354904, 1664.2934258283074, 2026.5001551761602, 2026.5001551761602, 1
1, 5053.68, 9.842027777777778, -0.012170972222222224, 1699.3641724682652, 1705.162505354989, 2138.593618215554, 2138.593618215554, 1
1, 5388.78, 10.073, -0.013846333333333334, 1738.6576180583372, 1745.6247848471278, 2279.3636189012464, 2279.3636189012464, 1
1, 5785.2, 10.308027777777777, -0.012310916666666666, 1779.1542750181836, 1786.2646812557573, 2446.249035889001, 2446.249035889001, 1
1, 6256.94, 10.546777777777779, -0.017205166666666667, 1818.865979798701, 1829.0016031945652, 2644.658590764854, 2644.658590764854, 1
1, 6797.97, 10.789361111111113, -0.02249336111111111, 1858.6693578264394, 1872.9703843929046, 2873.2744806000037, 2873.2744806000037, 1
1, 7383.04, 11.035916666666667, -0.020781805555555557, 1900.0369106348849, 1916.7443599408994, 3120.591712868223, 3120.591712868223, 1
1, 8006.2, 11.286611111111112, -0.014878694444444446, 1942.6936184823744, 1960.604279158164, 3384.410129636211, 3384.410129636211, 1
2, 4965.6, 11.52988888888889, -0.009331694444444445, 1985.252923504692, 2003.3641194087772, 2137.046632168701, 2133.3166769223994, 1
2, 4955.74, 11.540916666666668, -0.03418277777777778, 1995.1650933604553, 2010.8297594793319, 2047.3672780748245, 2023.5322337973826, 1
2, 4946.01, 11.542527777777778, -0.03900583333333333, 1993.8415608537032, 2010.107832657467, 1968.0641896507675, 2068.5437981828595, 1
2, 4936.41, 11.541000000000002, -0.03874416666666666, 1992.1971719816777, 2009.3572579458455, 1925.1095437498095, 2112.438094867832, 1
2, 4926.94, 11.539472222222223, -0.03903444444444445, 1995.3713581667025, 2004.8939167217766, 2050.3466586095046, 1986.072253151729, 1
2, 4917.6, 11.537916666666666, -0.03187166666666667, 1999.0726655232475, 2000.3503614063893, 2112.7016554535926, 1923.207323869975, 1
2, 4908.38, 11.536361111111113, -0.016963305555555558, 1998.751809157974, 2000.0237754631644, 2026.2136762785947, 2009.1509931395985, 1
2, 3017.03, 11.534666666666666, -0.027022055555555556, 1991.9966367533818, 2006.1658830269673, 1931.8246091087428, 2111.710438468016, 1
2, 3152.14, 11.643222222222223, -0.022888527777777782, 2011.906920134178, 2021.0914335901252, 2100.1309614284223, 2122.2986985220336, 1
2, 3179.82, 11.76463888888889, -0.014546388888888888, 2035.724775677766, 2038.9849055320608, 2127.054248221619, 2133.0072797130288, 1
2, 3209.03, 11.886527777777777, -0.029092500000000004, 2053.8302420039004, 2062.89443432287, 2145.3086835744875, 2153.754081474716, 1
2, 3240.21, 12.009083333333335, -0.03864611111111111, 2073.4024802855693, 2085.66950667932, 2164.909569745913, 2175.8473340549604, 1
2, 3273.01, 12.13252777777778, -0.02235836111111111, 2097.8849668715093, 2103.786432161357, 2189.5524845144896, 2195.052879347745, 1
2, 3307.18, 12.256694444444445, -0.02758627777777778, 2118.213509442751, 2126.412535491073, 2211.181641280678, 2219.1572137888993, 1
2, 3342.22, 12.381666666666666, -0.037213055555555555, 2138.1008745117415, 2149.8235910001185, 2233.1545727239454, 2244.1037961888956, 1
2, 3377.95, 12.507722222222222, -0.03683388888888889, 2160.102453844765, 2171.4642069222095, 2257.310473366661, 2267.8070601734576, 1
2, 3414.13, 12.634805555555557, -0.02211625, 2184.7740165030987, 2190.7327775724593, 2283.9243629504876, 2289.642481745893, 1
2, 3450.65, 12.762722222222223, -0.034381666666666665, 2204.466575921745, 2215.3699627630845, 2306.120747933856, 2316.3938812005513, 1
2, 3487.4, 12.891694444444445, -0.042175555555555556, 2225.3680762881177, 2239.170629572819, 2329.57191048856, 2342.1941707152923, 1
2, 3524.19, 13.021916666666668, -0.03033888888888889, 2250.1313121936714, 2259.4246876306934, 2356.1399634487766, 2364.906217714278, 1
2, 3561.07, 13.153083333333335, -0.03142166666666667, 2272.5282324053355, 2282.440402261099, 2380.5823429890575, 2389.8986367378843, 1
2, 3598.25, 13.285166666666667, -0.04227388888888889, 2293.280763744974, 2307.4385508626565, 2403.655353398976, 2416.6213883027863, 1
2, 3635.58, 13.418527777777777, -0.0317525, 2318.284641924483, 2328.5348568793734, 2430.4354007433903, 2439.8777452071463, 1
2, 3673.26, 13.552916666666668, -0.02274077777777778, 2343.133821499307, 2350.1468249117083, 2457.026372015412, 2463.7528965302477, 1
2, 3711.17, 13.688138888888888, -0.03793027777777778, 2363.5597668957207, 2376.542990533385, 2479.83582183957, 2491.7418848223883, 1
2, 3749.35, 13.824611111111112, -0.03573305555555556, 2387.5036731542377, 2399.8394544834046, 2505.76216206924, 2516.9806756979015, 1
2, 3787.91, 13.962222222222223, -0.02580327777777778, 2413.1206161745367, 2421.7837380369147, 2533.1667334103468, 2541.2397087437403, 1
2, 3826.84, 14.100833333333334, -0.024965333333333336, 2437.1963027259344, 2445.6646189379676, 2559.3165271801176, 2567.2348039088256, 1
2, 3866.21, 14.240222222222224, -0.04368777777777778, 2457.6910030577633, 2473.4416128459097, 2582.5958023962835, 2596.6791050005986, 1
2, 3905.81, 14.381111111111112, -0.033750833333333334, 2483.783501048021, 2496.090634487431, 2610.6363568899856, 2621.7173606478154, 1
2, 3945.89, 14.523027777777777, -0.029845, 2509.0681285471446, 2519.8855717192146, 2638.0638465428983, 2647.976016398661, 1
2, 3986.52, 14.666027777777778, -0.028419444444444445, 2533.9975222132866, 2544.413894928765, 2665.4856066178595, 2674.979517283177, 1
2, 4027.3, 14.810166666666667, -0.02923416666666667, 2558.6862736054736, 2569.601119602716, 2692.5922399054984, 2702.49868018331, 1
2, 4068.46, 14.955416666666668, -0.03159222222222222, 2583.248974282732, 2595.292547136382, 2719.7275210828943, 2730.516316365208, 1
2, 4109.99, 15.101805555555556, -0.03396333333333334, 2607.9950214544324, 2621.213157788101, 2747.0747966444887, 2758.8032427108164, 1
2, 4151.87, 15.24938888888889, -0.035075, 2633.170786972481, 2647.09366139416, 2774.8747088642363, 2787.1130873682305, 1
2, 4194.17, 15.398083333333334, -0.03841083333333334, 2658.1116397945257, 2673.6044185748633, 2802.5485703690547, 2816.110481379801, 1
2, 4236.36, 15.547833333333335, -0.04104083333333333, 2683.3275123582334, 2700.2183081586895, 2830.2682684974843, 2844.947447208736, 1
2, 4278.81, 15.698555555555556, -0.03904222222222223, 2709.586168109079, 2726.116000498603, 2858.858862474512, 2873.2171848204907, 1
2, 4321.71, 15.850277777777778, -0.025527416666666667, 2738.297083223084, 2749.8421827949705, 2889.563670715573, 2900.008691320808, 1
2, 4364.71, 16.00288888888889, -0.022740416666666666, 2765.357879887113, 2775.5679877963444, 2918.950676027833, 2928.22113315305, 1
2, 4408.0, 16.156388888888888, -0.023905222222222224, 2791.6566426836175, 2802.3766830305153, 2947.7933714347187, 2957.4018736590624, 1
2, 4451.65, 16.310805555555557, -0.027266194444444447, 2817.59444206919, 2829.8671980408926, 2976.48709781487, 2987.1956790058653, 1
2, 4495.63, 16.46611111111111, -0.030703888888888888, 2843.5838076563246, 2857.6327327929325, 3005.2839565981453, 3017.298881562039, 1
2, 4539.94, 16.62236111111111, -0.035367222222222224, 2869.4413929505786, 2885.845174625174, 3034.075085803469, 3047.883368666122, 1
2, 4584.64, 16.779472222222225, -0.041035555555555554, 2895.150009218098, 2914.51598269352, 3062.860485430842, 3078.977788207872, 1
2, 4629.89, 16.93766666666667, -0.03703083333333334, 2922.8467890347224, 2941.5653202016465, 3093.404865489266, 3109.075261186094, 1
2, 4674.94, 17.096944444444446, -0.028539166666666668, 2951.8499126242446, 2967.64062945805, 3124.7170089931656, 3138.1414101330806, 1
2, 4720.38, 17.257083333333334, -0.02884361111111111, 2979.500855817258, 2995.371786742382, 3155.1582566484662, 3168.5654690545275, 1
2, 4766.22, 17.41813888888889, -0.03329138888888889, 3006.2923623175757, 3024.2946962405863, 3185.0838422881493, 3200.0380407410635, 1
2, 4812.42, 17.580111111111112, -0.038753333333333334, 3032.8374969659867, 3053.8077522677745, 3214.9349434144647, 3232.0835702227305, 1
2, 4858.79, 17.74330555555556, -0.029119166666666668, 3062.4422262403964, 3080.673743281459, 3247.009120785888, 3262.152395311196, 1
2, 4905.7, 17.907333333333334, -0.029755833333333332, 3090.6317497608325, 3109.1554752774123, 3278.367100913398, 3293.607778263878, 1
2, 4953.43, 18.072222222222223, -0.03626000000000001, 3117.5435773981276, 3139.2873257233423, 3309.2266077591444, 3326.7361979783423, 1
2, 5000.85, 18.238333333333333, -0.032488333333333334, 3146.420650272721, 3167.929485901932, 3341.117438636126, 3358.403575315223, 1
2, 5048.6, 18.40544444444445, -0.03035138888888889, 3175.418044284292, 3196.7320742631587, 3373.1973455855004, 3390.2829470363017, 1
2, 5096.89, 18.5665, 0.0954138888888889, 3205.125905961825, 3188.263758051125, 3420.7184651136513, 3407.316982285541, 1
2, 5147.48, 18.726083333333335, 0.12146055555555556, 3272.614604650285, 3209.2454725088155, 3470.193370723198, 3425.989676828855, 1
2, 5190.18, 18.892666666666667, -0.03397805555555556, 3268.752869111103, 3265.2291786710484, 3479.2575630421675, 3473.934785125402, 1
2, 5240.99, 19.06025, -0.10120250000000001, 3280.481315177431, 3316.657870361991, 3499.4829732102858, 3521.725194817264, 1
2, 5288.59, 19.232055555555554, -0.08900333333333334, 3307.32438787931, 3351.212954986331, 3527.076620623786, 3558.0965556521687, 1
2, 5335.86, 19.405250000000002, -0.05856916666666667, 3339.816824441179, 3378.514393924315, 3559.5633276077037, 3588.9216850302073, 1
2, 5383.87, 19.579111111111114, -0.025508944444444445, 3374.950596438601, 3403.2719002519175, 3595.235679932549, 3617.575304364699, 1
2, 5432.5, 19.75341666666667, -0.012492722222222223, 3407.8956696586233, 3430.5561504560474, 3629.979840629282, 3647.9592562404873, 1
2, 5481.74, 19.928333333333335, -0.008465, 3439.3109455656463, 3459.6280289809856, 3664.053640705712, 3679.844357539517, 1
2, 5531.24, 20.104027777777777, 0.002703725, 3472.3190441431334, 3487.427941200733, 3699.1988718590364, 3711.018991172585, 1
2, 5580.93, 20.280416666666667, 0.013965083333333335, 3506.1350132117545, 3514.6319773135447, 3735.008734054713, 3741.798283927014, 1
2, 5631.41, 20.457472222222222, 0.015249666666666667, 3538.5357765264025, 3543.4975910322355, 3770.406066637895, 3773.855272564583, 1
2, 5684.0, 20.63502777777778, 0.012797111111111112, 3569.979700323182, 3573.47474287348, 3806.273224613085, 3808.6509994628777, 1
2, 5734.15, 20.81361111111111, 0.009452472222222223, 3601.1084973326397, 3604.1337144909307, 3840.1694077730244, 3841.974224827686, 1
2, 5784.48, 20.992916666666666, 0.006332111111111111, 3632.094054893315, 3635.1192720516055, 3873.876514860571, 3875.7099798049894, 1
2, 5835.07, 21.172916666666666, 0.0037788055555555557, 3663.1369082335027, 3666.379849353943, 3907.652376883533, 3909.7264841019064, 1
2, 5886.02, 21.353638888888888, 0.0017946972222222224, 3694.2313277752523, 3697.8237731507224, 3941.645962868645, 3943.9893602507295, 1
2, 5937.31, 21.53505555555556, 0.0003370638888888889, 3725.411690986272, 3729.4338547080906, 3975.8630023938576, 3978.498608251459, 1
2, 5988.96, 21.717166666666667, -0.0006743083333333334, 3756.689457022463, 3761.175716558338, 4010.29776588122, 4013.2542281040946, 1
2, 6040.99, 21.90002777777778, -0.0013428333333333335, 3788.0703554617785, 3793.0608178573684, 4044.9960899543426, 4048.2848676983936, 1
2, 6095.81, 22.083305555555555, -0.001693725, 3819.5142792585584, 3825.0375924036193, 4081.5221493939325, 4085.160431393013, 0.3725442827238332
2, 5844.73, 22.15763888888889, -0.003281166666666667, 3835.912331355202, 3841.6189909947057, 3913.708540778066, 3919.220394767224, 0.08783265389264468
2, 5764.47, 22.14863888888889, 0.01030563888888889, 3839.0922471181784, 3838.851604844224, 3863.3054435404074, 3862.6064350303473, 0.10908783143016507
2, 5767.01, 22.134888888888888, 0.011518527777777779, 3837.9062244822576, 3835.0185171947983, 3866.1702325160613, 3863.311173118358, 0.1477748576424745
2, 5776.95, 22.128833333333333, -0.004667805555555555, 3834.0043818974164, 3836.410804636966, 3869.986131431632, 3872.656114756942, 0.16737018602852052
2, 5782.55, 22.12763888888889, 0.00396525, 3835.047165084555, 3834.7836044987944, 3875.291720614544, 3874.7932473327796, 0.17142918670687987
2, 5783.77, 22.127805555555558, 0.014212833333333334, 3837.671311786254, 3832.170916952998, 3878.614875826302, 3873.0915626812416, 0.17085891821174548
2, 5783.6, 22.128027777777778, -0.0032990000000000003, 3834.98413972709, 3834.9268439475777, 3875.5610107782554, 3875.916244611236, 0.17010052944916296
2, 5783.36, 22.128055555555555, -0.013697805555555555, 3832.256860622267, 3837.688500520108, 3872.8566499852377, 3878.305478616932, 0.17000588894904464
2, 5783.27, 22.128055555555555, 0.006426500000000001, 3835.5570975222213, 3834.359615730398, 3876.340233379633, 3874.701574085559, 0.17000588894904464
2, 5783.23, 22.128083333333336, 0.0100485, 3837.109813147026, 3832.858466307155, 3877.5720926391646, 3873.4181486244656, 0.16991128355946844
2, 5783.16, 22.128027777777778, -0.010966416666666668, 3833.248077607844, 3836.64571733297, 3873.5441993393947, 3877.354368677015, 0.17010052944916296
2, 5783.21, 22.128083333333336, -0.0056105277777777785, 3833.4027762125297, 3836.5655032416516, 3874.042672621159, 3876.9189207527156, 0.16991128355946844
2, 5783.15, 22.12811111111111, 0.0065610277777777785, 3835.7977397961763, 3834.159080502102, 3876.3803404252926, 3874.501038857263, 0.1698167132739568
2, 5783.12, 22.12811111111111, 0.00935625, 3837.012410321854, 3832.9673282882304, 3877.3944757226736, 3873.4353373583203, 0.1698167132739568
2, 5783.09, 22.128027777777778, -0.013704611111111112, 3832.6579310788593, 3837.2186751281006, 3872.9082161867996, 3877.892949004438, 0.17010052944916296
2, 5783.22, 22.128083333333336, -0.004829944444444444, 3833.374128322773, 3836.594151131408, 3874.065590932964, 3876.9017320188614, 0.16991128355946844
2, 5783.17, 22.128138888888888, 0.004405194444444444, 3835.28780735851, 3834.6862016736222, 3875.8474896758207, 3875.051078340589, 0.16972217808595913
2, 5783.11, 22.128138888888888, 0.006290027777777778, 3836.1529736291577, 3833.8382241368286, 3876.5464981858804, 3874.277585317162, 0.16972217808595913
2, 5783.11, 22.12816666666667, 0.0054695, 3836.3706975913074, 3833.6262297526305, 3876.729844680322, 3874.094238822721, 0.16962767798896175
2, 5783.08, 22.128138888888888, -0.006212638888888889, 3834.159080502102, 3835.8149285300296, 3874.4494726557014, 3876.3287742237308, 0.16972217808595913
2, 5783.11, 22.12816666666667, -0.0021622194444444447, 3834.4398298217156, 3835.5513679442697, 3874.930757203612, 3875.8875967214803, 0.16962767798896175
2, 5783.08, 22.12816666666667, 0.0009650583333333335, 3835.0643538184086, 3834.9325735255284, 3875.4922558428398, 3875.291720614544, 0.16962767798896175
2, 5783.08, 22.12816666666667, 0.0011999611111111112, 3835.2305115789964, 3834.7664157649406, 3875.618306557769, 3875.165669899615, 0.16962767798896175
2, 5783.11, 22.12816666666667, 0.00039970833333333335, 3835.138838331776, 3834.8638185901127, 3875.5266333105474, 3875.291720614544, 0.16962767798896175
2, 5783.1, 22.128194444444446, -0.0006220333333333333, 3834.9268439475777, 3835.0758129743117, 3875.3203685043004, 3875.4922558428398, 0.1695332129764746
2, 5783.06, 22.12816666666667, -0.001613677777777778, 3834.657553783866, 3835.3393735600716, 3875.039619184686, 3875.7214389608916, 0.16962767798896175
2, 5783.09, 22.128194444444446, -0.002503275, 3834.3710748863004, 3835.6315820355885, 3874.781788176878, 3876.0136474364085, 0.1695332129764746
2, 5783.06, 22.12816666666667, -0.0033035833333333333, 3834.0674072548813, 3835.9295200890565, 3874.4666613895556, 3876.288667178071, 0.16962767798896175
2, 5783.09, 22.128194444444446, -0.004010083333333333, 3833.75801004551, 3836.2446468763783, 3874.191641647893, 3876.603793965393, 0.1695332129764746
2, 5783.06, 22.128194444444446, -0.004666638888888889, 3833.44861283614, 3836.5597736637, 3873.8707852826196, 3876.8845432850076, 0.1695332129764746
2, 5783.06, 22.128194444444446, -0.005286333333333334, 3833.1277564708666, 3836.8806300289734, 3873.5671176512, 3877.188210916427, 0.1695332129764746
2, 5783.08, 22.128194444444446, -0.0058731388888888895, 3832.8069001055933, 3837.201486394247, 3873.2691795977316, 3877.514796859651, 0.1695332129764746
2, 5783.07, 22.128194444444446, -0.006447555555555556, 3832.4745845844177, 3837.5280723374717, 3872.95405281041, 3877.8241940690223, 0.1695332129764746
2, 5783.06, 22.128194444444446, -0.007003416666666667, 3832.142269063241, 3837.866117436599, 3872.627466867186, 3878.139320856344, 0.1695332129764746
2, 5783.06, 22.12816666666667, -0.00754388888888889, 3831.798494386163, 3838.198432957774, 3872.29515134601, 3878.4601772216174, 0.16962767798896175
2, 5783.09, 22.128194444444446, 0.004099472222222222, 3834.0273002092217, 3835.9638975567636, 3874.6270895721923, 3876.168346041094, 0.1695332129764746
2, 5783.05, 22.128138888888888, 0.016711555555555556, 3837.3046187973705, 3832.6579310788593, 3877.7726278674604, 3872.9712415442646, 0.16972217808595913
2, 5783.1, 22.12811111111111, -0.004134416666666667, 3834.1648100800535, 3835.7690919064194, 3874.3692585643835, 3876.437636204805, 0.1698167132739568
2, 5783.14, 22.12816666666667, -0.008026722222222223, 3832.8069001055933, 3837.1900272383436, 3873.3035570654397, 3877.5606334832614, 0.16962767798896175
2, 5783.09, 22.12816666666667, 0.009034305555555556, 3835.958167978813, 3834.0043818974164, 3876.563686919734, 3874.2374782715033, 0.16962767798896175
2, 5783.09, 22.128194444444446, 0.00910988888888889, 3836.874900451022, 3833.1277564708666, 3877.193940494378, 3873.6072246968597, 0.1695332129764746
2, 5783.05, 22.12811111111111, -0.011101416666666667, 3833.0819198472564, 3836.8462525612654, 3873.3092866433913, 3877.4345827683337, 0.1698167132739568
2, 5783.14, 22.128194444444446, -0.0036411944444444447, 3833.7064438439484, 3836.29621307794, 3874.3005036289674, 3876.563686919734, 0.1695332129764746
2, 5783.06, 22.128194444444446, 0.006831166666666668, 3835.906601777251, 3834.0903255666867, 3876.3803404252926, 3874.3807177202857, 0.1695332129764746
2, 5783.06, 22.128222222222224, 0.00881175, 3836.9321962305353, 3833.0819198472564, 3877.256965851843, 3873.5098218716876, 0.16943878304197155
2, 5783.01, 22.128083333333336, -0.014630472222222224, 3832.445936694661, 3837.4535878241045, 3872.6331964451365, 3878.0591067650257, 0.16991128355946844
2, 5783.17, 22.12816666666667, -0.005940444444444445, 3833.076190269305, 3836.920737074632, 3873.7275458338368, 3877.171022182573, 0.16962767798896175
2, 5783.1, 22.128222222222224, 0.00318825, 3834.9153847916746, 3835.0930017081655, 3875.423500907424, 3875.389123439716, 0.16943878304197155
2, 5783.05, 22.128222222222224, 0.004975888888888889, 3835.7060665489553, 3834.3137791067875, 3876.0594840600193, 3874.678655773754, 0.16943878304197155
2, 5783.05, 22.12825, 0.004050916666666667, 3835.8550355756893, 3834.170539658004, 3876.174075619045, 3874.564064214728, 0.16934438817893874
2, 5783.02, 22.128222222222224, 0.002419202777777778, 3835.7175257048575, 3834.3080495288364, 3876.0136474364085, 3874.6843853517053, 0.16943878304197155
2, 5783.04, 22.12825, 0.00079155, 3835.4539651190976, 3834.5658805366447, 3875.778734740405, 3874.9594050933674, 0.16934438817893874
2, 5783.01, 22.128222222222224, -0.0006310944444444445, 3835.138838331776, 3834.8810073239665, 3875.45214879718, 3875.240154412982, 0.16943878304197155
2, 5783.04, 22.12825, -0.001823275, 3834.8007932326486, 3835.219052423094, 3875.1484811657615, 3875.583929090061, 0.16934438817893874
2, 5783.02, 22.128222222222224, -0.0028500555555555558, 3834.445559399667, 3835.574286256075, 3874.7932473327796, 3875.9047854553337, 0.16943878304197155
2, 5783.05, 22.12825, -0.0037389444444444445, 3834.084595988735, 3835.935249667008, 3874.4666613895556, 3876.277208022169, 0.16934438817893874
2, 5783.02, 22.128222222222224, -0.004533527777777778, 3833.7179029998515, 3836.3019426558917, 3874.094238822721, 3876.603793965393, 0.16943878304197155
2, 5783.04, 22.12825, -0.005266138888888889, 3833.351210010968, 3836.6686356447753, 3873.7619233015444, 3876.976216532228, 0.16934438817893874
2, 5783.01, 22.128222222222224, -0.0059590833333333345, 3832.9787874441326, 3837.0410582116097, 3873.3837711567585, 3877.3142616313553, 0.16943878304197155
2, 5783.04, 22.128222222222224, -0.006628027777777779, 3832.6063648772974, 3837.413480778445, 3873.0457260576304, 3877.692413776142, 0.16943878304197155
2, 5783.04, 22.128222222222224, -0.007268638888888889, 3832.2282127325116, 3837.797362501183, 3872.6847626466983, 3878.053377187074, 0.16943878304197155
2, 5783.04, 22.128222222222224, -0.007902027777777777, 3831.832871853871, 3838.1812442239207, 3872.3066105019125, 3878.4257997539094, 0.16943878304197155
2, 5783.04, 22.128222222222224, -0.008510583333333334, 3831.4432605531824, 3838.576585102561, 3871.9284583571257, 3878.803951898696, 0.16943878304197155
2, 5783.03, 22.12816666666667, 0.011193555555555556, 3835.3049960923636, 3834.657553783866, 3875.9334333450906, 3874.7875177548285, 0.16962767798896175
2, 5783.09, 22.128222222222224, 0.009520250000000001, 3836.1587032071084, 3833.8554128706824, 3876.489202406367, 3874.31196278487, 0.16943878304197155
2, 5783.03, 22.12816666666667, -0.007663777777777778, 3833.110567737013, 3836.851982139217, 3873.3551232670015, 3877.3600982549665, 0.16962767798896175
2, 5783.09, 22.128194444444446, 0.002316713888888889, 3834.5716101145963, 3835.425317229341, 3875.14275158781, 3875.652684025476, 0.1695332129764746
2, 5783.06, 22.128194444444446, 0.010779916666666667, 3836.7660384699475, 3833.236618451942, 3877.188210916427, 3873.5785768071028, 0.1695332129764746
2, 5783.07, 22.128222222222224, 0.0013197972222222223, 3835.562827100173, 3834.451288977619, 3875.795923474259, 3874.9708642492706, 0.16943878304197155
2, 5783.03, 22.128194444444446, -0.01125563888888889, 3832.783981793788, 3837.195756816295, 3873.0915626812416, 3877.6351179966287, 0.1695332129764746
2, 5783.06, 22.128194444444446, 0.002986166666666667, 3834.9554918373337, 3835.0299763507005, 3875.532362888499, 3875.2229656791283, 0.1695332129764746
2, 5783.06, 22.128222222222224, 0.006829416666666667, 3836.2561060322805, 3833.7522804675596, 3876.6209826992476, 3874.140075446331, 0.16943878304197155
2, 5783.04, 22.128222222222224, 0.004304666666666667, 3836.1758919409626, 3833.84395371478, 3876.454824938659, 3874.2718557392104, 0.16943878304197155
2, 5783.01, 22.128083333333336, -0.01819208333333333, 3831.546392956305, 3838.3474019845085, 3871.7852189083433, 3878.90708430182, 0.16991128355946844
2, 5783.16, 22.12816666666667, -0.004776333333333334, 3833.0017057559376, 3836.9894920100487, 3873.716086677934, 3877.176751760524, 0.16962767798896175
2, 5783.09, 22.128222222222224, 0.0016589166666666668, 3834.4570185555704, 3835.5513679442697, 3874.942216359514, 3875.8589488317234, 0.16943878304197155
2, 5783.04, 22.128222222222224, 0.002466083333333333, 3834.9325735255284, 3835.087272130214, 3875.2974501924955, 3875.4349600633263, 0.16943878304197155
2, 5783.04, 22.12825, 0.001344888888888889, 3834.9153847916746, 3835.1044608640677, 3875.2688023027385, 3875.469337531035, 0.16934438817893874
2, 5783.0, 22.128222222222224, -0.0002500413888888889, 3834.6804720956716, 3835.33364398212, 3875.016700872881, 3875.66987275933, 0.16943878304197155
2, 5783.03, 22.128222222222224, -0.0017779166666666668, 3834.359615730398, 3835.660229925345, 3874.7244923973644, 3876.0021882805063, 0.16943878304197155
2, 5783.04, 22.128222222222224, -0.003120861111111111, 3833.9929227415146, 3836.021193336277, 3874.374988142334, 3876.357422113487, 0.16943878304197155
2, 5783.04, 22.128222222222224, -0.004288, 3833.6033114408256, 3836.410804636966, 3874.002565575499, 3876.729844680322, 0.16943878304197155
2, 5783.04, 22.128222222222224, -0.0052855555555555555, 3833.207970562185, 3836.8061455156067, 3873.624413430713, 3877.107996825109, 0.16943878304197155
2, 5783.04, 22.128194444444446, -0.006184166666666668, 3832.8069001055933, 3837.2072159721984, 3873.2348021300245, 3877.491878547846, 0.1695332129764746
2, 5783.06, 22.128222222222224, -0.006990972222222222, 3832.400100071051, 3837.6140160067407, 3872.868109141141, 3877.8986785823895, 0.16943878304197155
2, 5783.03, 22.128194444444446, -0.0077497500000000006, 3831.981840880605, 3838.026545619235, 3872.4498499506954, 3878.2768307271754, 0.1695332129764746
2, 5783.04, 22.12816666666667, 0.007807666666666667, 3834.9784101491396, 3834.9955988829934, 3875.566740356207, 3875.165669899615, 0.16962767798896175
2, 5783.08, 22.128194444444446, 0.009115555555555556, 3836.1529736291577, 3833.8554128706824, 3876.5121207181724, 3874.2718557392104, 0.1695332129764746
2, 5783.05, 22.12816666666667, -0.006956694444444445, 3833.356939588919, 3836.6056102873104, 3873.6129542748104, 3877.125185558962, 0.16962767798896175
2, 5783.08, 22.128194444444446, 0.0012586111111111112, 3834.4913960232775, 3835.5055313206594, 3875.0338896067346, 3875.7558164285997, 0.1695332129764746
2, 5783.05, 22.12816666666667, 0.011214611111111113, 3836.8806300289734, 3833.0991085811097, 3877.319991209307, 3873.423878202417, 0.16962767798896175
2, 5783.08, 22.12816666666667, -0.0018519750000000003, 3834.9554918373337, 3835.02424677275, 3875.194317789372, 3875.589658668012, 0.16962767798896175
2, 5783.08, 22.12816666666667, -0.0093385, 3833.0303536456945, 3836.9551145423407, 3873.423878202417, 3877.365827832917, 0.16962767798896175
2, 5783.08, 22.12816666666667, 0.004455694444444444, 3835.3049960923636, 3834.6690129397684, 3875.881867143529, 3874.902109313855, 0.16962767798896175
2, 5783.06, 22.12816666666667, 0.007876722222222222, 3836.576962397554, 3833.414235368432, 3876.9361094865694, 3873.819219081058, 0.16962767798896175
2, 5783.06, 22.12811111111111, -0.009134416666666667, 3833.465801569994, 3836.4852891503333, 3873.704627522032, 3877.0507010455954, 0.1698167132739568
2, 5783.13, 22.128194444444446, -0.004932, 3833.5574748172144, 3836.445182104674, 3874.1056979786226, 3876.7470334141763, 0.1695332129764746
2, 5783.05, 22.128194444444446, 0.0022664361111111113, 3834.9325735255284, 3835.07008339636, 3875.3948530176676, 3875.354745972008, 0.1695332129764746
2, 5783.05, 22.12816666666667, 0.0034380833333333334, 3835.482613008854, 3834.5200439130344, 3875.8474896758207, 3874.902109313855, 0.16962767798896175
2, 5783.09, 22.128194444444446, 0.002376555555555556, 3835.4883425868056, 3834.514314335083, 3875.8589488317234, 3874.9364867815625, 0.1695332129764746
2, 5783.06, 22.12816666666667, 0.0008485027777777778, 3835.282077780558, 3834.7205791413303, 3875.6354952916226, 3875.1198332760046, 0.16962767798896175
2, 5783.09, 22.12816666666667, -0.0008108611111111112, 3834.9440326814315, 3835.0586242404574, 3875.3203685043004, 3875.469337531035, 0.16962767798896175
2, 5783.06, 22.128194444444446, -0.0022375888888888887, 3834.560150958694, 3835.4425059631953, 3874.942216359514, 3875.818841786064, 0.1695332129764746
2, 5783.04, 22.12816666666667, -0.0033558611111111115, 3834.1762692359557, 3835.820658107981, 3874.5583346367766, 3876.168346041094, 0.16962767798896175
2, 5783.07, 22.128138888888888, -0.004467722222222222, 3833.75801004551, 3836.233187720475, 3874.18018249199, 3876.5923348094907, 0.16972217808595913
2, 5783.1, 22.12816666666667, -0.005425416666666667, 3833.3397508550647, 3836.657176488872, 3873.802030347204, 3877.0163235778878, 0.16962767798896175
2, 5783.08, 22.12816666666667, -0.006182555555555557, 3832.9386803984735, 3837.0582469454644, 3873.4009598906123, 3877.383016566772, 0.16962767798896175
2, 5783.08, 22.128138888888888, -0.007034833333333334, 3832.5089620521253, 3837.4822357138605, 3872.982700700167, 3877.795546179266, 0.16972217808595913
2, 5783.1, 22.128138888888888, -0.007797472222222222, 3832.073514127826, 3837.9176836381607, 3872.587359821526, 3878.230994103565, 0.16972217808595913
2, 5783.1, 22.12811111111111, -0.008499055555555557, 3831.632336625575, 3838.3474019845085, 3872.1691006310807, 3878.643523716059, 0.1698167132739568
2, 5783.1, 22.128138888888888, -0.007070055555555556, 3831.649525359429, 3838.341672406557, 3872.2092076767403, 3878.6034166704003, 0.16972217808595913
2, 5783.07, 22.128055555555555, 0.012979500000000001, 3835.7003369710037, 3834.2163762816153, 3876.36888126939, 3874.3979064541395, 0.17000588894904464
2, 5783.17, 22.12811111111111, 0.007179833333333333, 3835.786280640274, 3834.187728391859, 3876.1454277292887, 3874.753140287121, 0.1698167132739568
2, 5783.11, 22.128055555555555, -0.009363000000000002, 3832.663660656811, 3837.264511751711, 3873.0056190119717, 3877.8127349131196, 0.17000588894904464
2, 5783.17, 22.128083333333336, 0.0030769444444444446, 3834.5716101145963, 3835.385210183682, 3875.240154412982, 3875.664143181379, 0.16991128355946844
2, 5783.15, 22.12811111111111, 0.010229388888888889, 3836.588421553457, 3833.3798579007243, 3877.067889779449, 3873.8077599251546, 0.1698167132739568
2, 5783.12, 22.12811111111111, 0.004173694444444444, 3836.049841226034, 3833.924167806098, 3876.36888126939, 3874.478120545458, 0.1698167132739568
2, 5783.1, 22.128, -0.015524472222222224, 3831.9703817247023, 3837.9176836381607, 3872.300880923961, 3878.5117434231793, 0.17019520506634958
2, 5783.18, 22.128027777777778, 0.000487, 3834.1648100800535, 3835.7690919064194, 3874.913568469757, 3876.0079178584574, 0.17010052944916296
2, 5783.18, 22.128083333333336, 0.005259805555555556, 3835.5914749899293, 3834.3768044642516, 3876.0881319497753, 3874.827624800488, 0.16991128355946844
2, 5783.14, 22.12811111111111, 0.005022, 3835.958167978813, 3834.0158410533195, 3876.3631516914384, 3874.4953092793116, 0.1698167132739568
2, 5783.12, 22.12811111111111, 0.0033433333333333336, 3835.883683465446, 3834.0903255666867, 3876.265748866266, 3874.569793792679, 0.1698167132739568
2, 5783.12, 22.128083333333336, 0.0015428666666666667, 3835.6373116135396, 3834.336697418593, 3876.025106592311, 3874.8104360666343, 0.16991128355946844
2, 5783.15, 22.128083333333336, -0.0002374052777777778, 3835.2763482026066, 3834.697660829525, 3875.6927910711356, 3875.1828586334686, 0.16991128355946844
2, 5783.15, 22.128083333333336, -0.0016255083333333333, 3834.8981960578208, 3835.07008339636, 3875.337557238154, 3875.53809246645, 0.16991128355946844
2, 5783.15, 22.128083333333336, -0.002926222222222222, 3834.485666445327, 3835.482613008854, 3874.9364867815625, 3875.939162923042, 0.16991128355946844
2, 5783.11, 22.128083333333336, -0.003913638888888889, 3834.084595988735, 3835.883683465446, 3874.5296867470197, 3876.2943967560227, 0.16991128355946844
2, 5783.11, 22.128055555555555, -0.004919583333333334, 3833.6548776423865, 3836.3076722338424, 3874.1228867124773, 3876.7069263685166, 0.17000588894904464
2, 5783.15, 22.128055555555555, -0.005700138888888889, 3833.2423480298926, 3836.7144722683856, 3873.7561937235937, 3877.119455981011, 0.17000588894904464
2, 5783.16, 22.128055555555555, -0.006578583333333334, 3832.8069001055933, 3837.149920192685, 3873.343664111099, 3877.543444749408, 0.17000588894904464
2, 5783.16, 22.128027777777778, -0.0073525000000000005, 3832.371452181294, 3837.5796385390327, 3872.931134498605, 3877.9617039398536, 0.17010052944916296
2, 5783.19, 22.128027777777778, -0.007971444444444444, 3831.9589225688, 3837.9921681515275, 3872.5587119317697, 3878.3742335523475, 0.17010052944916296
2, 5783.19, 22.128027777777778, -0.008709583333333333, 3831.5120154885976, 3838.439075231729, 3872.128993585422, 3878.803951898696, 0.17010052944916296
2, 5783.18, 22.128, -0.00928663888888889, 3831.0822971422494, 3838.8573344221745, 3871.7221935508783, 3879.205022355287, 0.17019520506634958
2, 5783.16, 22.127944444444445, 0.012294000000000001, 3835.310725670315, 3834.5658805366447, 3876.093861527727, 3874.7932473327796, 0.1703846616779838
2, 5783.23, 22.128, 0.011112472222222223, 3836.3878863251607, 3833.5517452392637, 3876.844436239349, 3874.1458050242827, 0.17019520506634958
2, 5783.18, 22.127916666666668, -0.008163305555555556, 3832.995976177986, 3836.874900451022, 3873.360852844953, 3877.5549039053108, 0.17047944268545936
2, 5783.28, 22.127972222222226, 0.000987336111111111, 3834.2278354375176, 3835.6946073930526, 3874.965134671319, 3876.0881319497753, 0.1702899158071064
2, 5783.23, 22.128, 0.009179722222222223, 3836.279024344086, 3833.6434184864843, 3876.8673545511538, 3874.1228867124773, 0.17019520506634958
2, 5783.21, 22.128, 0.007935027777777779, 3836.725931424288, 3833.2137001401356, 3877.153833448719, 3873.7963007692524, 0.17019520506634958
2, 5783.18, 22.127833333333335, -0.014791805555555556, 3832.2912380899756, 3837.5338019154224, 3872.650385178991, 3878.265371571273, 0.1707639965926884
2, 5783.36, 22.127944444444445, -0.0038787222222222226, 3833.397046634578, 3836.51393704009, 3874.2374782715033, 3876.9246503306663, 0.1703846616779838
2, 5783.21, 22.127972222222226, 0.0036508888888888893, 3835.052894662506, 3834.8638185901127, 3875.6584136034276, 3875.3089093483977, 0.1702899158071064
2, 5783.2, 22.127972222222226, 0.0045910000000000005, 3835.6545003473934, 3834.273672061128, 3876.1454277292887, 3874.798976910731, 0.1702899158071064
2, 5783.21, 22.127944444444445, 0.0034001666666666672, 3835.6946073930526, 3834.2278354375176, 3876.174075619045, 3874.781788176878, 0.1703846616779838
2, 5783.25, 22.127972222222226, 0.0016288166666666667, 3835.4883425868056, 3834.4398298217156, 3875.990729124603, 3875.016700872881, 0.1702899158071064
2, 5783.22, 22.127944444444445, -0.00018389527777777778, 3835.1445679097274, 3834.7836044987944, 3875.6412248695738, 3875.337557238154, 0.1703846616779838
2, 5783.25, 22.127944444444445, -0.001610113888888889, 3834.7778749208437, 3835.1445679097274, 3875.3146389263493, 3875.704250227038, 0.1703846616779838
2, 5783.25, 22.127944444444445, -0.0029406944444444446, 3834.3653453083493, 3835.5570975222213, 3874.9192980477087, 3876.0995911056784, 0.1703846616779838
2, 5783.25, 22.127944444444445, -0.00394475, 3833.970004429709, 3835.9467088229103, 3874.541145902923, 3876.4720136725136, 0.1703846616779838
2, 5783.2, 22.127916666666668, -0.004868416666666668, 3833.5689339731175, 3836.3420497015504, 3874.1228867124773, 3876.827247505494, 0.17047944268545936
2, 5783.23, 22.12788888888889, -0.005816416666666667, 3833.139215626769, 3836.771768047898, 3873.7332754117874, 3877.256965851843, 0.1705742588360593
2, 5783.28, 22.127916666666668, -0.006548388888888889, 3832.732415592226, 3837.1728385044903, 3873.378041578807, 3877.6694954643367, 0.17047944268545936
2, 5783.25, 22.12788888888889, -0.007389638888888889, 3832.296967667927, 3837.608286428789, 3872.9425936545076, 3878.0762954988795, 0.1705742588360593
2, 5783.29, 22.127861111111113, -0.008019194444444445, 3831.8787084774813, 3838.0208160412835, 3872.5701710876724, 3878.4888251113744, 0.1706691101362976
2, 5783.32, 22.127861111111113, -0.008743194444444444, 3831.437530975231, 3838.4562639655833, 3872.1691006310807, 3878.9357321915754, 0.1706691101362976
2, 5783.32, 22.127861111111113, 0.002880277777777778, 3833.597581862874, 3836.2904834999886, 3874.4150951879938, 3876.6954672126144, 0.1706691101362976
2, 5783.31, 22.127805555555558, 0.015413138888888891, 3836.8061455156067, 3833.0532719574994, 3877.514796859651, 3873.5785768071028, 0.17085891821174548
2, 5783.31, 22.127805555555558, -0.0035326944444444446, 3834.0158410533195, 3835.8149285300296, 3874.438013499799, 3876.649630589004, 0.17085891821174548
2, 5783.32, 22.127805555555558, -0.005060111111111112, 3833.2423480298926, 3836.6342581770673, 3873.928081062132, 3877.176751760524, 0.17085891821174548
2, 5783.34, 22.127805555555558, 0.008316500000000001, 3835.837846841835, 3834.0158410533195, 3876.615253121296, 3874.5124980131664, 0.17085891821174548
2, 5783.35, 22.127833333333335, 0.006936472222222222, 3836.3305905456477, 3833.5517452392637, 3876.890272862959, 3874.260396583308, 0.1707639965926884
2, 5783.31, 22.127722222222225, -0.013673861111111112, 3832.308426823829, 3837.4822357138605, 3872.805083783676, 3878.288289883078, 0.1711438941100554
2, 5783.43, 22.127777777777776, -0.002164886111111111, 3833.6548776423865, 3836.2045398307196, 3874.569793792679, 3876.6897376346633, 0.17095387499999512
2, 5783.39, 22.127805555555558, 0.0053725000000000005, 3835.425317229341, 3834.4398298217156, 3876.156886885192, 3875.039619184686, 0.17085891821174548
2, 5783.36, 22.127777777777776, 0.006153722222222223, 3836.072759537839, 3833.7923875132183, 3876.6840080567117, 3874.4723909675067, 0.17095387499999512
2, 5783.33, 22.127805555555558, 0.004801472222222223, 3836.1529736291577, 3833.723632577803, 3876.71838552442, 3874.403636032091, 0.17085891821174548
2, 5783.31, 22.127805555555558, 0.0029103333333333338, 3835.9638975567636, 3833.906979072244, 3876.517850296124, 3874.5812529485816, 0.17085891821174548
2, 5783.32, 22.12775, -0.007057916666666667, 3833.9298973840496, 3835.912331355202, 3874.4723909675067, 3876.63244185515, 0.1710488669639272
2, 5783.39, 22.127777777777776, -0.004593805555555556, 3833.8496832927317, 3836.0040046024237, 3874.5984416824354, 3876.5980643874423, 0.17095387499999512
2, 5783.37, 22.12775, -0.0019503527777777778, 3834.2163762816153, 3835.6373116135396, 3874.9250276256603, 3876.242830554461, 0.1710488669639272
2, 5783.4, 22.12775, -0.001830711111111111, 3834.2163762816153, 3835.6430411914907, 3874.9192980477087, 3876.3001263339743, 0.1710488669639272
2, 5783.4, 22.12775, -0.002721263888888889, 3833.970004429709, 3835.883683465446, 3874.678655773754, 3876.540768607929, 0.1710488669639272
2, 5783.4, 22.127722222222225, -0.003679777777777778, 3833.649148064436, 3836.1930806748164, 3874.3692585643835, 3876.8387066613973, 0.1711438941100554
2, 5783.36, 22.127722222222225, -0.00467988888888889, 3833.2939142314544, 3836.548314507798, 3874.0082951534505, 3877.165292604622, 0.1711438941100554
2, 5783.37, 22.127694444444444, -0.005625055555555556, 3832.910032508717, 3836.9264666525837, 3873.6473317425184, 3877.531985593506, 0.17123895644493053
2, 5783.42, 22.127694444444444, -0.006593194444444445, 3832.497502896223, 3837.338996265078, 3873.280638753635, 3877.955974361902, 0.17123895644493053
2, 5783.43, 22.127694444444444, -0.00733675, 3832.096432439631, 3837.74006672167, 3872.9082161867996, 3878.345585662591, 0.17123895644493053
2, 5783.44, 22.127666666666666, -0.008023055555555556, 3831.6896324050886, 3838.1411371782615, 3872.524334464062, 3878.7351969632805, 0.17133405397502996
2, 5783.47, 22.127694444444444, -0.0006009277777777779, 3832.995976177986, 3836.834793405363, 3873.9108923282784, 3877.400205300625, 0.17123895644493053
2, 5783.43, 22.127611111111115, 0.015021194444444445, 3836.5655032416516, 3833.207970562185, 3877.4460419242355, 3873.802030347204, 0.1715243546469822
2, 5783.5, 22.127583333333334, -0.0007196055555555556, 3834.5028551791806, 3835.270618624656, 3875.108374120102, 3876.242830554461, 0.17161955780188742
2, 5783.47, 22.127611111111115, -0.007437916666666667, 3832.8412775733013, 3836.9551145423407, 3873.6129542748104, 3877.692413776142, 0.1715243546469822
2, 5783.45, 22.127583333333334, 0.008387555555555556, 3835.7175257048575, 3834.050218521027, 3876.666819322858, 3874.6213599942407, 0.17161955780188742
2, 5783.51, 22.127611111111115, 0.010090333333333335, 3836.920737074632, 3832.8813846189605, 3877.6351179966287, 3873.7218162558856, 0.1715243546469822
2, 5783.47, 22.1275, -0.011903666666666668, 3832.8298184173987, 3836.886359606925, 3873.4296077803688, 3877.881489848535, 0.1719053786203779
2, 5783.61, 22.127583333333334, -0.005013833333333334, 3833.2652663416975, 3836.5311257739436, 3874.2833148951136, 3877.2111292282325, 0.17161955780188742
2, 5783.53, 22.127583333333334, 0.005353555555555556, 3835.362291871877, 3834.4226410878623, 3876.265748866266, 3875.114103698053, 0.17161955780188742
2, 5783.53, 22.127583333333334, 0.007239861111111111, 3836.29621307794, 3833.500179037702, 3877.0621602014985, 3874.329151518724, 0.17161955780188742
2, 5783.53, 22.127583333333334, 0.004168138888888889, 3836.084218693741, 3833.7121734219, 3876.7985996157377, 3874.586982526533, 0.17161955780188742
2, 5783.42, 22.12738888888889, -0.018451277777777778, 3831.408883085474, 3838.2557287372874, 3872.0315907602494, 3879.2107519332385, 0.17228696644711539
2, 5783.65, 22.1275, -0.005135805555555556, 3832.824088839447, 3836.9321962305353, 3873.991106419597, 3877.5606334832614, 0.1719053786203779
2, 5783.57, 22.127555555555556, 0.001423388888888889, 3834.2908607949826, 3835.4883425868056, 3875.2115065232256, 3876.2313713985586, 0.171714796178073
2, 5783.53, 22.127555555555556, 0.0023506666666666667, 3834.772145342892, 3835.0070580388956, 3875.589658668012, 3875.795923474259, 0.171714796178073
2, 5783.54, 22.12752777777778, 0.0013125305555555557, 3834.7664157649406, 3835.0070580388956, 3875.578199512109, 3875.818841786064, 0.17181006978206514
2, 5783.57, 22.1275, -0.00019237388888888892, 3834.5544213807425, 3835.213322845143, 3875.389123439716, 3876.0480249041166, 0.1719053786203779
2, 5783.6, 22.1275, -0.0016475694444444446, 3834.250753749323, 3835.5169904765626, 3875.114103698053, 3876.3631516914384, 0.1719053786203779
2, 5783.59, 22.1275, -0.0029163055555555557, 3833.906979072244, 3835.8550355756893, 3874.7875177548285, 3876.6840080567117, 0.1719053786203779
2, 5783.52, 22.127472222222224, -0.004102583333333334, 3833.5288269274583, 3836.2274581425245, 3874.374988142334, 3876.9991348440335, 0.17200072269952538
2, 5783.56, 22.127472222222224, -0.004979222222222222, 3833.1678635165254, 3836.588421553457, 3874.0598613550123, 3877.365827832917, 0.17200072269952538
2, 5783.58, 22.127444444444446, -0.005800444444444445, 3832.8011705276417, 3836.949384964389, 3873.7218162558856, 3877.72679124385, 0.1720961020260214
2, 5783.62, 22.127444444444446, -0.0065585, 3832.423018382856, 3837.3218075312243, 3873.3952303126607, 3878.116402544539, 0.1720961020260214
2, 5783.63, 22.127444444444446, -0.00723325, 3832.044866238069, 3837.699959676011, 3873.0342669017286, 3878.483095533423, 0.1720961020260214
2, 5783.62, 22.12738888888889, 0.0063731111111111115, 3834.657553783866, 3835.0586242404574, 3875.7386276947464, 3875.7730051624535, 0.17228696644711539
2, 5783.68, 22.12738888888889, 0.00730075, 3835.5685566781235, 3834.1648100800535, 3876.489202406367, 3875.102644542151, 0.17228696644711539
2, 5783.67, 22.127361111111114, -0.0056642777777777785, 3833.374128322773, 3836.3191313897455, 3874.2088303817463, 3877.3715574108687, 0.1723824515547414
2, 5783.62, 22.127361111111114, 0.0037861944444444445, 3834.812252388551, 3834.8981960578208, 3875.881867143529, 3875.629765713671, 0.1723824515547414
2, 5783.63, 22.127333333333333, 0.012755583333333334, 3837.1040835690746, 3832.5891761434436, 3878.053377187074, 3873.4697148260275, 0.17247797193578443
2, 5783.67, 22.127305555555555, -0.004877083333333334, 3834.3424269965435, 3835.3164552482667, 3875.062537496491, 3876.517850296124, 0.1725735275967339
2, 5783.73, 22.127333333333333, -0.007940500000000001, 3833.0933790031586, 3836.6170694432135, 3874.1228867124773, 3877.5262560155543, 0.17247797193578443
2, 5783.71, 22.127333333333333, 0.006001805555555556, 3835.4940721647563, 3834.1819988139073, 3876.6381714331014, 3874.9823234051737, 0.17247797193578443
2, 5783.71, 22.127333333333333, 0.005829555555555556, 3836.1071370055465, 3833.597581862874, 3876.9991348440335, 3874.6328191501434, 0.17247797193578443
2, 5783.7, 22.127222222222223, -0.012584083333333334, 3832.583446565492, 3837.0295990557074, 3873.4181486244656, 3878.190887057906, 0.17286040632423486
2, 5783.82, 22.127250000000004, -0.0023399222222222228, 3833.672066376241, 3836.0040046024237, 3874.9364867815625, 3876.8329770834457, 0.17276474478443285
2, 5783.78, 22.127277777777778, 0.005553611111111112, 3835.4539651190976, 3834.222105859566, 3876.5464981858804, 3875.1828586334686, 0.17266911854411607
2, 5783.68, 22.127277777777778, 0.007209611111111112, 3836.279024344086, 3833.414235368432, 3877.188210916427, 3874.403636032091, 0.17266911854411607
2, 5783.7, 22.127277777777778, -0.0021243472222222223, 3834.760686186989, 3834.9153847916746, 3875.601117823914, 3876.0136474364085, 0.17266911854411607
2, 5783.72, 22.127277777777778, -0.0019856944444444444, 3834.4684777114726, 3835.224782001045, 3875.4807966869366, 3876.1626164631425, 0.17266911854411607
2, 5783.74, 22.127250000000004, 0.0019353250000000001, 3835.173215799484, 3834.514314335083, 3876.202723508802, 3875.4636079530833, 0.17276474478443285
2, 5783.78, 22.127250000000004, 0.002583291666666667, 3835.482613008854, 3834.199187547761, 3876.477743250465, 3875.2458839909336, 0.17276474478443285
2, 5783.78, 22.127250000000004, 0.0018745222222222222, 3835.459694697049, 3834.222105859566, 3876.4490953607083, 3875.280261458641, 0.17276474478443285
2, 5783.76, 22.127111111111113, -0.016201305555555556, 3831.781305652309, 3837.7916329232316, 3872.7076809585037, 3878.9872983931373, 0.17324340560828203
2, 5783.91, 22.127166666666668, -0.0054641666666666675, 3832.795440949691, 3836.851982139217, 3874.1744529140383, 3877.7210616658986, 0.17305183532825272
2, 5783.74, 22.127194444444445, -0.0013126083333333334, 3833.7064438439484, 3835.958167978813, 3874.798976910731, 3876.890272862959, 0.1729561031699994
2, 5783.75, 22.127194444444445, -0.000578025, 3833.9642748517576, 3835.7003369710037, 3875.0109712949293, 3876.666819322858, 0.1729561031699994
2, 5783.77, 22.127194444444445, -0.0011380666666666666, 3833.924167806098, 3835.740444016663, 3874.976593827222, 3876.729844680322, 0.1729561031699994
2, 5783.79, 22.127194444444445, -0.002111777777777778, 3833.735091733705, 3835.9180609331534, 3874.8047064886828, 3876.9246503306663, 0.1729561031699994
2, 5783.8, 22.127166666666668, -0.003128, 3833.4772607258965, 3836.1701623630115, 3874.5755233706304, 3877.176751760524, 0.17305183532825272
2, 5783.83, 22.12713888888889, -0.0040485, 3833.1965114062823, 3836.445182104674, 3874.329151518724, 3877.4632306580893, 0.1731476028055089
2, 5783.86, 22.127111111111113, -0.004860527777777778, 3832.898573352814, 3836.7316610022394, 3874.0713205109155, 3877.766898289509, 0.17324340560828203
2, 5783.89, 22.127111111111113, -0.005579833333333333, 3832.600635299346, 3837.0295990557074, 3873.8077599251546, 3878.0648363429773, 0.17324340560828203
2, 5783.89, 22.127083333333335, -0.006226055555555556, 3832.296967667927, 3837.3218075312243, 3873.515551449638, 3878.351315240542, 0.17333924374308587
2, 5783.8, 22.127055555555554, -0.006837444444444445, 3831.993300036507, 3837.625475162644, 3873.1603176166573, 3878.5747687806434, 0.17343511721644686
2, 5783.83, 22.127000000000002, 0.01164275, 3835.534179210416, 3834.010111475368, 3876.913191174764, 3874.8849205800007, 0.17362697020482287
2, 5783.92, 22.12702777777778, 0.0063334444444444445, 3835.6143933017347, 3833.987193163563, 3876.6439010110525, 3875.2688023027385, 0.1735310260348423
2, 5783.92, 22.12702777777778, -0.005981333333333334, 3833.351210010968, 3836.2274581425245, 3874.420824765945, 3877.4861489698947, 0.1735310260348423
2, 5783.94, 22.12702777777778, 0.001883213888888889, 3834.462748133522, 3835.133108753824, 3875.778734740405, 3876.156886885192, 0.1735310260348423
2, 5783.94, 22.12697222222222, 0.012699194444444444, 3836.983762432097, 3832.5777169875405, 3878.230994103565, 3873.704627522032, 0.1737229497329027
2, 5784.0, 22.126944444444444, -0.002131827777777778, 3834.846629856259, 3834.709119985427, 3875.8589488317234, 3876.156886885192, 0.17381896462557117
2, 5784.02, 22.126916666666666, -0.01268127777777778, 3832.233942310462, 3837.310348375321, 3873.4697148260275, 3878.580498358595, 0.1739150148893546
2, 5784.04, 22.126916666666666, 0.005115416666666667, 3835.0070580388956, 3834.508584757132, 3876.540768607929, 3875.53809246645, 0.1739150148893546
2, 5783.93, 22.126916666666666, 0.011066944444444445, 3836.937925808487, 3832.6178240332, 3878.087754654782, 3873.8249486590094, 0.1739150148893546
2, 5783.93, 22.126833333333334, -0.009639861111111111, 3833.3454804330163, 3836.124325739401, 3874.3176923628216, 3877.6121996848233, 0.17420337797253496
2, 5784.06, 22.126916666666666, -0.0049244722222222224, 3833.397046634578, 3836.16443278506, 3874.8218952225366, 3877.268425007745, 0.1739150148893546
2, 5784.0, 22.126888888888892, 0.00557625, 3835.436776385244, 3834.10751430054, 3876.781410881884, 3875.2344248350305, 0.17401110053075478
2, 5784.05, 22.126916666666666, 0.008409444444444445, 3836.5540440857485, 3833.007435333889, 3877.766898289509, 3874.3176923628216, 0.1739150148893546
2, 5784.0, 22.12677777777778, -0.013278777777777778, 3832.537609941882, 3836.903548340779, 3873.6129542748104, 3878.414340598007, 0.174395797002987
2, 5784.16, 22.126833333333334, -0.006340027777777778, 3832.847007151252, 3836.685824378629, 3874.403636032091, 3877.829923646973, 0.17420337797253496
2, 5784.11, 22.126833333333334, 0.00298225, 3834.6518242059146, 3834.875277746016, 3876.0881319497753, 3876.0824023718246, 0.17420337797253496
2, 5784.11, 22.126833333333334, 0.005530611111111111, 3835.5800158340267, 3833.958545273806, 3876.8845432850076, 3875.2859910365923, 0.17420337797253496
2, 5784.0, 22.12686111111111, 0.005224722222222223, 3835.872224309543, 3833.672066376241, 3877.067889779449, 3874.9536755154168, 0.17410722155632252
2, 5783.99, 22.126833333333334, 0.003992583333333333, 3835.8664947315915, 3833.672066376241, 3877.0507010455954, 3874.9594050933674, 0.17420337797253496
2, 5784.04, 22.126833333333334, 0.002602255555555556, 3835.723255282809, 3833.809576247072, 3876.941839064521, 3875.1370220098584, 0.17420337797253496
2, 5784.05, 22.126694444444443, -0.015685444444444446, 3832.0047591924103, 3837.4306695122996, 3873.1832359284626, 3878.8956251459167, 0.17468469114145546
2, 5784.21, 22.12675, -0.0071020833333333335, 3832.594905721395, 3836.9150074966815, 3874.2202895376495, 3878.0820250768306, 0.1744920596302547
2, 5784.17, 22.12677777777778, -0.001314825, 3833.683525532143, 3835.8321172638844, 3875.1484811657615, 3877.102267247157, 0.174395797002987
2, 5784.15, 22.12677777777778, 0.00021285944444444447, 3834.124703034394, 3835.3909397616335, 3875.515174154645, 3876.7069263685166, 0.174395797002987
2, 5784.15, 22.12675, -1.2513250000000001e-05, 3834.187728391859, 3835.3164552482667, 3875.566740356207, 3876.649630589004, 0.1744920596302547
2, 5784.17, 22.126722222222224, -0.0008274361111111112, 3834.0788664107836, 3835.4195876513904, 3875.4750671089855, 3876.7756813039323, 0.1745883576742354
2, 5784.09, 22.126722222222224, -0.0017725194444444445, 3833.895519916342, 3835.608663723783, 3875.2344248350305, 3876.9017320188614, 0.1745883576742354
2, 5784.11, 22.126722222222224, -0.002666261111111111, 3833.6663367982896, 3835.826387685933, 3875.0338896067346, 3877.125185558962, 0.1745883576742354
2, 5784.13, 22.126722222222224, -0.0034569166666666667, 3833.4256945243346, 3836.072759537839, 3874.8218952225366, 3877.3772869888203, 0.1745883576742354
2, 5784.16, 22.126694444444443, -0.004174361111111111, 3833.1621339385747, 3836.324860967697, 3874.586982526533, 3877.64084757458, 0.17468469114145546
2, 5784.2, 22.12666666666667, -0.004781305555555556, 3832.898573352814, 3836.5826919755054, 3874.363528986432, 3877.9158673162433, 0.1747810600383921
2, 5784.23, 22.12666666666667, -0.0053114166666666665, 3832.6407423450055, 3836.834793405363, 3874.1458050242827, 3878.1851574799543, 0.1747810600383921
2, 5784.23, 22.12663888888889, -0.005793694444444444, 3832.382911337196, 3837.086894835221, 3873.905162750327, 3878.4257997539094, 0.1748774643715962
2, 5784.26, 22.12661111111111, -0.006243583333333334, 3832.125080329388, 3837.338996265078, 3873.675979632275, 3878.6893603396693, 0.17497390414758182
2, 5784.27, 22.1265, 0.014477361111111111, 3836.1185961614497, 3833.2423480298926, 3877.8643011146814, 3874.506768435215, 0.17536001780944685
2, 5784.28, 22.126583333333333, 0.007735666666666667, 3836.0956778496443, 3833.356939588919, 3877.3887461447225, 3875.0052417169786, 0.17507037937283826
2, 5784.22, 22.12655555555556, -0.0049615833333333335, 3833.75801004551, 3835.660229925345, 3875.079726230346, 3877.2225883841347, 0.17516689005387956
2, 5784.28, 22.126583333333333, -0.0036063611111111114, 3833.563204395166, 3835.889413043397, 3875.1198332760046, 3877.2626954297943, 0.17507037937283826
2, 5784.26, 22.12652777777778, 0.011728527777777779, 3836.5655032416516, 3832.824088839447, 3878.190887057906, 3874.1744529140383, 0.17526343619724438
2, 5784.33, 22.12652777777778, -0.0011208055555555557, 3834.8981960578208, 3834.514314335083, 3876.2141826647044, 3876.242830554461, 0.17526343619724438
2, 5784.33, 22.1265, -0.010954583333333334, 3832.5261507859786, 3836.874900451022, 3874.0369430432074, 3878.431529331861, 0.17536001780944685
2, 5784.36, 22.126472222222223, 0.004994055555555556, 3835.0299763507005, 3834.348156574495, 3876.815788349592, 3875.6870614931845, 0.17545663489697616
2, 5784.4, 22.126472222222223, 0.008120083333333333, 3836.3305905456477, 3833.0819198472564, 3877.8471123808276, 3874.701574085559, 0.17545663489697616
2, 5784.34, 22.126444444444445, -0.009038361111111112, 3833.2652663416975, 3836.084218693741, 3874.6614670399003, 3877.8471123808276, 0.17555328746635873
2, 5784.31, 22.126472222222223, -0.004918138888888889, 3833.305373387357, 3836.1071370055465, 3874.965134671319, 3877.4746898139924, 0.17545663489697616
2, 5784.31, 22.126444444444445, 0.00741125, 3835.6946073930526, 3833.683525532143, 3877.3486390990633, 3875.079726230346, 0.17555328746635873
2, 5784.37, 22.126472222222223, 0.004560916666666667, 3835.7920102182247, 3833.6205001746794, 3877.2340475400374, 3875.2688023027385, 0.17545663489697616
2, 5784.34, 22.12638888888889, -0.012555055555555557, 3832.4115592269527, 3836.920737074632, 3873.8478669708143, 3878.632064560157, 0.17574669907673984
2, 5784.45, 22.126416666666668, -0.0014236333333333333, 3833.7179029998515, 3835.6659595032957, 3875.555281200304, 3877.0621602014985, 0.17564997552410858
2, 5784.43, 22.126416666666668, 0.006913277777777779, 3835.648770769442, 3833.7293621557537, 3877.3142616313553, 3875.280261458641, 0.17564997552410858
2, 5784.43, 22.126416666666668, 0.00870761111111111, 3836.571232819603, 3832.8183592614964, 3878.1106729665876, 3874.4838501234094, 0.17564997552410858
2, 5784.4, 22.12627777777778, -0.013042083333333334, 3832.5433395198334, 3836.725931424288, 3873.968188107792, 3878.591957514497, 0.17613394836635782
2, 5784.45, 22.12633333333333, -0.003911583333333334, 3833.299643809406, 3836.0613003819362, 3875.1713994775664, 3877.4861489698947, 0.17594025269271446
2, 5784.41, 22.12638888888889, 0.0039720277777777774, 3834.98413972709, 3834.3882636201547, 3876.6610897449063, 3875.8990558773826, 0.17574669907673984
2, 5784.38, 22.12638888888889, 0.0060127777777777775, 3835.8034693741274, 3833.5746635510686, 3877.3486390990633, 3875.1713994775664, 0.17574669907673984
2, 5784.4, 22.126361111111112, 0.005659666666666666, 3836.072759537839, 3833.299643809406, 3877.600740528921, 3874.947945937465, 0.17584345813076632
2, 5784.44, 22.12633333333333, -0.006246916666666667, 3833.8783311824877, 3835.459694697049, 3875.3833938617645, 3877.2225883841347, 0.17594025269271446
2, 5784.49, 22.12633333333333, -0.0020640333333333334, 3834.1476213461992, 3835.213322845143, 3875.8990558773826, 3876.7699517259816, 0.17594025269271446
2, 5784.49, 22.12633333333333, 0.001569002777777778, 3834.886736901918, 3834.4684777114726, 3876.580875653588, 3876.0995911056784, 0.17594025269271446
2, 5784.49, 22.12633333333333, 0.002310052777777778, 3835.196134111289, 3834.159080502102, 3876.8387066613973, 3875.841760097869, 0.17594025269271446
2, 5784.49, 22.126305555555557, 0.001886225, 3835.2305115789964, 3834.124703034394, 3876.861624973202, 3875.813112208113, 0.1760370827690613
2, 5784.38, 22.126305555555557, 0.0011125444444444444, 3835.133108753824, 3834.2106467036638, 3876.712655946468, 3875.8360305199185, 0.1760370827690613
2, 5784.42, 22.12627777777778, 0.0003118361111111111, 3834.98413972709, 3834.359615730398, 3876.580875653588, 3875.9964587025547, 0.17613394836635782
2, 5784.47, 22.12627777777778, -0.0005115194444444445, 3834.789334076746, 3834.5544213807425, 3876.420447470952, 3876.219912242656, 0.17613394836635782
2, 5784.5, 22.12627777777778, -0.0010809222222222224, 3834.6059875823044, 3834.737767875184, 3876.271478444218, 3876.4089883150486, 0.17613394836635782
2, 5784.51, 22.12625, -0.0016049083333333335, 3834.4169115099107, 3834.921114369626, 3876.0995911056784, 3876.603793965393, 0.1762308494911182
2, 5784.55, 22.12625, -0.0020737722222222226, 3834.222105859566, 3835.1159200199704, 3875.939162923042, 3876.815788349592, 0.1762308494911182
2, 5784.56, 22.12625, -0.0024951694444444446, 3834.021570631271, 3835.3049960923636, 3875.7615460065513, 3877.004864421985, 0.1762308494911182
2, 5784.55, 22.12622222222222, -0.0028801944444444443, 3833.826764980926, 3835.4940721647563, 3875.5724699341577, 3877.188210916427, 0.17632778614983155
2, 5784.58, 22.126194444444447, -0.003237777777777778, 3833.6262297526305, 3835.688877815102, 3875.4005825956183, 3877.3944757226736, 0.17642475834901195
2, 5784.48, 22.126194444444447, -0.0035827500000000004, 3833.437153680237, 3835.8779538874946, 3875.14275158781, 3877.5090672816996, 0.17642475834901195
2, 5784.51, 22.126194444444447, -0.0039260833333333335, 3833.2423480298926, 3836.0670299598873, 3874.9880529831244, 3877.715332087947, 0.17642475834901195
2, 5784.53, 22.12616666666667, -0.004256694444444445, 3833.047542379548, 3836.261835610232, 3874.8218952225366, 3877.9101377382917, 0.17652176609519812
2, 5784.59, 22.12616666666667, -0.004686222222222223, 3832.8355479953498, 3836.473829994431, 3874.650007883997, 3878.156509590198, 0.17652176609519812
2, 5784.6, 22.12616666666667, -0.004938805555555556, 3832.6407423450055, 3836.662906066824, 3874.4838501234094, 3878.345585662591, 0.17652176609519812
2, 5784.61, 22.12613888888889, -0.005201611111111112, 3832.451666272613, 3836.8405229833147, 3874.31196278487, 3878.528932157033, 0.17661880939490426
2, 5784.64, 22.12613888888889, -0.005473583333333334, 3832.2625902002187, 3837.0295990557074, 3874.1515346022334, 3878.7237378073773, 0.17661880939490426
2, 5784.64, 22.12611111111111, -0.005748861111111112, 3832.073514127826, 3837.212945550149, 3873.9739176857433, 3878.90708430182, 0.1767158882546194
2, 5784.67, 22.126083333333334, -0.0060204444444444455, 3831.8787084774813, 3837.396292044591, 3873.8077599251546, 3879.101889952164, 0.17681300268087
2, 5784.57, 22.126055555555556, 0.01057575, 3835.1044608640677, 3834.124703034394, 3877.107996825109, 3875.66987275933, 0.17691015268017013
2, 5784.63, 22.126055555555556, 0.007028888888888889, 3835.4539651190976, 3833.8153058250236, 3877.1481038707675, 3875.7099798049894, 0.17691015268017013
2, 5784.65, 22.126055555555556, -0.004310722222222223, 3833.4772607258965, 3835.7633623284687, 3875.2000473673234, 3877.6866841981905, 0.17691015268017013
2, 5784.68, 22.126055555555556, 0.001786113888888889, 3834.3309678406413, 3834.9268439475777, 3876.288667178071, 3876.6381714331014, 0.17691015268017013
2, 5784.68, 22.12597222222222, 0.014307777777777779, 3837.1556497706365, 3832.056325393972, 3879.0789716403583, 3873.8478669708143, 0.17720181618152028
2, 5784.78, 22.126, -0.0018265555555555557, 3834.8695481680643, 3834.348156574495, 3876.5464981858804, 3876.517850296124, 0.17710455942397513
2, 5784.75, 22.12597222222222, -0.010562277777777778, 3832.612094455249, 3836.6170694432135, 3874.501038857263, 3878.5232025790815, 0.17720181618152028
2, 5784.78, 22.12597222222222, 0.0037803333333333335, 3834.823711544454, 3834.3882636201547, 3876.953298220423, 3876.1167798395322, 0.17720181618152028
2, 5784.79, 22.126, 0.0066526388888888885, 3835.9638975567636, 3833.2767254976006, 3877.8356532249245, 3875.2344248350305, 0.17710455942397513
2, 5784.65, 22.125944444444446, -0.008186416666666666, 3833.305373387357, 3835.8951426213484, 3874.9823234051737, 3877.8986785823895, 0.17729910853814623
2, 5784.73, 22.12597222222222, -0.0030685, 3833.6262297526305, 3835.608663723783, 3875.6412248695738, 3877.3486390990633, 0.17720181618152028
2, 5784.72, 22.125944444444446, 0.009607222222222222, 3836.187351096865, 3833.007435333889, 3878.1851574799543, 3874.7875177548285, 0.17729910853814623
2, 5784.77, 22.125944444444446, -0.0016825638888888891, 3834.663283361817, 3834.548691802791, 3876.3975291591464, 3876.6439010110525, 0.17729910853814623
2, 5784.78, 22.125888888888888, -0.012769305555555556, 3832.0391366601175, 3837.149920192685, 3873.9395402180353, 3879.119078686018, 0.17749380007480828
2, 5784.84, 22.125888888888888, 0.005145388888888889, 3834.8294411224056, 3834.3424269965435, 3877.067889779449, 3876.0709432159215, 0.17749380007480828
2, 5784.84, 22.125888888888888, 0.01139938888888889, 3836.82333424946, 3832.3771817592456, 3878.7638448530365, 3874.3864472982373, 0.17749380007480828
2, 5784.84, 22.12586111111111, -0.0069083055555555556, 3833.763739623462, 3835.385210183682, 3875.53809246645, 3877.6064701068726, 0.17759119926784747
2, 5784.88, 22.125888888888888, -0.005342388888888889, 3833.3397508550647, 3835.872224309543, 3875.4349600633263, 3877.755439133606, 0.17749380007480828
2, 5784.75, 22.125888888888888, 0.006262305555555556, 3835.4883425868056, 3833.694984688046, 3877.5377151714565, 3875.4807966869366, 0.17749380007480828
2, 5784.76, 22.125888888888888, 0.003470305555555556, 3835.511260898611, 3833.694984688046, 3877.33145036521, 3875.7099798049894, 0.17749380007480828
2, 5784.77, 22.12580555555556, -0.013159972222222222, 3832.1823761089013, 3836.949384964389, 3874.0082951534505, 3879.0445941726507, 0.17778610453591243
2, 5784.88, 22.125833333333336, 0.0002477316666666667, 3833.9184382281474, 3835.2534298908017, 3876.174075619045, 3877.02778273379, 0.1776886340860359
2, 5784.88, 22.12586111111111, 0.0074955555555555565, 3835.774821484371, 3833.408505790481, 3877.8012757572174, 3875.389123439716, 0.17759119926784747
2, 5784.86, 22.12586111111111, 0.006955833333333334, 3836.2102694086702, 3832.984517022084, 3878.116402544539, 3875.045348762638, 0.17759119926784747
2, 5784.84, 22.125722222222226, -0.013362305555555556, 3832.337074713586, 3836.7488497360932, 3874.1744529140383, 3878.9643800813324, 0.17807872974073627
2, 5784.99, 22.125777777777778, -0.00348775, 3833.2652663416975, 3835.9008721993, 3875.578199512109, 3877.766898289509, 0.17788361062399116
2, 5784.94, 22.12580555555556, 0.004907916666666667, 3835.0815425522624, 3834.084595988735, 3877.2111292282325, 3876.0652136379704, 0.17778610453591243
2, 5784.82, 22.125833333333336, 0.007232916666666667, 3836.0154637583255, 3833.1678635165254, 3877.9502447839513, 3875.1713994775664, 0.1776886340860359
2, 5784.81, 22.12580555555556, 0.004962305555555556, 3835.958167978813, 3833.225159296039, 3877.8356532249245, 3875.2688023027385, 0.17778610453591243
2, 5784.83, 22.125666666666667, -0.015658694444444444, 3831.87297889953, 3837.1900272383436, 3873.7275458338368, 3879.4112871615343, 0.1782739914884333
2, 5785.01, 22.12575, -0.003579722222222222, 3833.1277564708666, 3836.021193336277, 3875.4922558428398, 3877.8700306926326, 0.17798115235676107
2, 5784.94, 22.125777777777778, 0.003587722222222222, 3834.7549566090383, 3834.41118193196, 3876.878813707056, 3876.403258737098, 0.17788361062399116
2, 5784.92, 22.125777777777778, 0.005500055555555556, 3835.5169904765626, 3833.649148064436, 3877.543444749408, 3875.715709382941, 0.17788361062399116
2, 5784.93, 22.12575, 0.005315694444444445, 3835.809198952079, 3833.356939588919, 3877.807005335168, 3875.4578783751317, 0.17798115235676107
2, 5784.96, 22.12575, 0.0044657222222222225, 3835.883683465446, 3833.282455075552, 3877.892949004438, 3875.40631217357, 0.17798115235676107
2, 5784.95, 22.12575, -0.0007799722222222223, 3834.9784101491396, 3834.1819988139073, 3876.964757376326, 3876.3345038016814, 0.17798115235676107
2, 5784.86, 22.12575, -0.0007221694444444445, 3834.7836044987944, 3834.3710748863004, 3876.792870037787, 3876.3803404252926, 0.17798115235676107
2, 5784.88, 22.125722222222226, 0.0012675083333333335, 3835.1159200199704, 3834.0330297871733, 3877.1366447148653, 3876.053754482068, 0.17807872974073627
2, 5784.92, 22.125694444444445, -0.008749027777777777, 3833.133486048818, 3835.986815868569, 3875.102644542151, 3878.1507800122463, 0.17817634278246808
2, 5784.97, 22.125694444444445, -0.003617277777777778, 3833.5173677715557, 3835.625852457637, 3875.732898116795, 3877.5892813730184, 0.17817634278246808
2, 5784.99, 22.125694444444445, 0.0006841722222222222, 3834.359615730398, 3834.7836044987944, 3876.5121207181724, 3876.827247505494, 0.17817634278246808
2, 5785.0, 22.125694444444445, 0.0019175111111111112, 3834.7664157649406, 3834.3768044642516, 3876.8673545511538, 3876.483472828416, 0.17817634278246808
2, 5784.99, 22.125694444444445, 0.0017772611111111112, 3834.875277746016, 3834.2622129052256, 3876.964757376326, 3876.3860700032433, 0.17817634278246808
2, 5784.99, 22.125666666666667, 0.001372963888888889, 3834.886736901918, 3834.250753749323, 3876.976216532228, 3876.3746108473415, 0.1782739914884333
2, 5784.99, 22.125666666666667, 0.0008501250000000001, 3834.8351707003562, 3834.296590372933, 3876.941839064521, 3876.420447470952, 0.1782739914884333
2, 5784.93, 22.125666666666667, 0.00035320277777777784, 3834.7549566090383, 3834.3710748863004, 3876.8100587716403, 3876.454824938659, 0.1782739914884333
2, 5784.95, 22.12563888888889, -7.684527777777778e-05, 3834.663283361817, 3834.4570185555704, 3876.7355742582736, 3876.552227763832, 0.1783716758651582
2, 5785.0, 22.12563888888889, -0.0004377805555555556, 3834.5658805366447, 3834.5544213807425, 3876.67827847876, 3876.67827847876, 0.1783716758651582
2, 5785.02, 22.12563888888889, -0.0008387555555555556, 3834.445559399667, 3834.67474251772, 3876.5751460756373, 3876.8043291936892, 0.1783716758651582
2, 5785.03, 22.12563888888889, -0.001027911111111111, 3834.3538861524466, 3834.7664157649406, 3876.4949319843186, 3876.9017320188614, 0.1783716758651582
2, 5785.03, 22.12561111111111, -0.001219302777777778, 3834.2564833272745, 3834.8523594342105, 3876.4089883150486, 3876.9876756881313, 0.17846939591916935
2, 5785.06, 22.125583333333335, -0.001405163888888889, 3834.159080502102, 3834.9440326814315, 3876.340233379633, 3877.102267247157, 0.17856715165694337
2, 5785.09, 22.125583333333335, -0.0015806416666666666, 3834.0674072548813, 3835.0414355066036, 3876.265748866266, 3877.2111292282325, 0.17856715165694337
2, 5785.01, 22.125583333333335, -0.001746713888888889, 3833.970004429709, 3835.133108753824, 3876.1511573072403, 3877.256965851843, 0.17856715165694337
2, 5785.0, 22.125583333333335, -0.001910938888888889, 3833.8783311824877, 3835.224782001045, 3876.030836170263, 3877.33145036521, 0.17856715165694337
2, 5785.02, 22.125583333333335, -0.0021627694444444445, 3833.763739623462, 3835.33364398212, 3875.9334333450906, 3877.451771502187, 0.17856715165694337
2, 5785.04, 22.125555555555557, -0.002247886111111111, 3833.6777959541923, 3835.4195876513904, 3875.864678409675, 3877.543444749408, 0.1786649430850317
2, 5785.08, 22.125555555555557, -0.0023683166666666664, 3833.586122706971, 3835.5055313206594, 3875.813112208113, 3877.6580363084336, 0.1786649430850317
2, 5785.09, 22.125555555555557, -0.002493888888888889, 3833.500179037702, 3835.5914749899293, 3875.7386276947464, 3877.743979977704, 0.1786649430850317
2, 5785.1, 22.125527777777776, -0.002620161111111111, 3833.408505790481, 3835.677418659199, 3875.6584136034276, 3877.8356532249245, 0.17876277020994844
2, 5785.13, 22.125527777777776, -0.0027460611111111114, 3833.322562121211, 3835.757632750517, 3875.5953882459635, 3877.9330560500966, 0.17876277020994844
2, 5785.12, 22.1255, -0.002966777777777778, 3833.2137001401356, 3835.860765153641, 3875.4922558428398, 3878.030458875269, 0.17886063303818248
2, 5785.05, 22.1255, -0.003027916666666667, 3833.133486048818, 3835.935249667008, 3875.377664283813, 3878.0591067650257, 0.17886063303818248
2, 5785.08, 22.1255, -0.0031391944444444445, 3833.0647311134026, 3836.0097341803744, 3875.3146389263493, 3878.139320856344, 0.17886063303818248
2, 5785.09, 22.1255, -0.003264666666666667, 3832.9787874441326, 3836.0899482716927, 3875.251613568885, 3878.230994103565, 0.17886063303818248
2, 5785.11, 22.125472222222225, -0.003398055555555556, 3832.898573352814, 3836.1701623630115, 3875.1828586334686, 3878.3226673507857, 0.1789585315762479
2, 5785.15, 22.125472222222225, -0.0035294166666666664, 3832.812629683545, 3836.25037645433, 3875.131292431907, 3878.431529331861, 0.1789585315762479
2, 5785.16, 22.125472222222225, -0.0037379444444444448, 3832.7152268583727, 3836.347779279502, 3875.045348762638, 3878.5346617349846, 0.1789585315762479
2, 5785.16, 22.125416666666666, 0.008946972222222222, 3835.213322845143, 3833.8153058250236, 3877.6351179966287, 3875.939162923042, 0.179154435808004
2, 5785.22, 22.125444444444447, 0.006416194444444444, 3835.5399087883675, 3833.5173677715557, 3877.7497095556555, 3875.9047854553337, 0.1790564658306837
2, 5785.19, 22.125416666666666, -0.002007811111111111, 3834.118973456443, 3834.921114369626, 3876.3230446457796, 3877.29134331955, 0.179154435808004
2, 5785.12, 22.125444444444447, -0.005292166666666667, 3833.1965114062823, 3835.849305997738, 3875.45214879718, 3878.070565920929, 0.1790564658306837
2, 5785.1, 22.125333333333334, 0.01274688888888889, 3836.5311257739436, 3832.4287479608065, 3878.981568815186, 3874.501038857263, 0.1794485601422988
2, 5785.24, 22.125361111111115, 0.003773888888888889, 3835.7977397961763, 3833.2308888739904, 3877.9158673162433, 3875.7615460065513, 0.17935048295727873
2, 5785.24, 22.12538888888889, -0.00466075, 3834.021570631271, 3835.0070580388956, 3876.265748866266, 3877.4116644565274, 0.17925244151469766
2, 5785.23, 22.125416666666666, -0.007493277777777778, 3833.0131649118407, 3836.021193336277, 3875.3604755499596, 3878.2997490389803, 0.179154435808004
2, 5785.2, 22.125361111111115, 0.004823055555555556, 3835.087272130214, 3833.924167806098, 3877.543444749408, 3876.0824023718246, 0.17935048295727873
2, 5785.26, 22.12538888888889, 0.0026607805555555557, 3835.1904045333376, 3833.84395371478, 3877.4403123462844, 3876.265748866266, 0.17925244151469766
2, 5785.23, 22.125361111111115, -0.005031083333333334, 3833.683525532143, 3835.33364398212, 3875.944892500993, 3877.7210616658986, 0.17935048295727873
2, 5785.26, 22.125361111111115, -0.005560611111111112, 3833.1621339385747, 3835.860765153641, 3875.5610107782554, 3878.1450504342956, 0.17935048295727873
2, 5785.15, 22.125249999999998, 0.01372252777777778, 3836.7774976258497, 3832.1479986411928, 3879.268047712752, 3874.277585317162, 0.17974300621695807
2, 5785.29, 22.125305555555556, 0.0029692777777777777, 3835.7461735946144, 3833.2538071857953, 3877.8872194264864, 3875.864678409675, 0.17954667307623445
2, 5785.26, 22.125333333333334, -0.006034222222222223, 3833.763739623462, 3835.236241156948, 3876.042295326165, 3877.663765886385, 0.1794485601422988
2, 5785.25, 22.125333333333334, -0.00892486111111111, 3832.663660656811, 3836.347779279502, 3875.05680791854, 3878.6377941381074, 0.1794485601422988
2, 5785.26, 22.125305555555556, 0.0035314722222222223, 3834.7033904074765, 3834.285131217031, 3877.2225883841347, 3876.483472828416, 0.17954667307623445
2, 5785.3, 22.125333333333334, 0.0037000277777777778, 3835.2305115789964, 3833.7809283573156, 3877.5549039053108, 3876.2084530867537, 0.1794485601422988
