0, 942.478, -0.005769361111111111, -0.0003284777777777778, 0.0, 0.0, 0.0, 0.0, 1
0, 1100.33, -0.005769361111111111, -0.0003284777777777778, 0.0, 0.0, 0.0, 0.0, 1
0, 1263.95, -0.005769361111111111, -0.0003284777777777778, 0.0, 0.0, 0.0, 0.0, 1
0, 1432.32, -0.005769361111111111, -0.0003284777777777778, 0.0, 0.0, 0.0, 0.0, 1
0, 1605.57, -0.005769361111111111, -0.0003284777777777778, 0.0, 0.0, 0.0, 0.0, 1
0, 1783.85, -0.005769361111111111, -0.0003284777777777778, 0.0, 0.0, 0.0, 0.0, 1
0, 1967.31, -0.005769361111111111, -0.0003284777777777778, 0.0, 0.0, 0.0, 0.0, 1
0, 2156.5, -0.005769361111111111, -0.0003284777777777778, 0.0, 0.0, 0.0, 0.0, 1
0, 2359.56, -0.005769361111111111, -0.0003284777777777778, 0.0, 0.0, 0.0, 0.0, 1
0, 2580.78, -0.005769361111111111, -0.0003284777777777778, 0.0, 0.0, 0.0, 0.0, 1
0, 2821.75, -0.005769361111111111, -0.0003284777777777778, 0.0, 0.0, 0.0, 0.0, 1
0, 3084.25, -0.005769361111111111, -0.0003284777777777778, 0.0, 0.0, 0.0, 0.0, 1
0, 3368.7, -0.005769361111111111, -0.0003284777777777778, 0.0, 0.0, 0.0, 0.0, 1
0, 3672.92, -0.005769361111111111, -0.0003284777777777778, 0.0, 0.0, 0.0, 0.0, 1
0, 3998.1, -0.005769361111111111, -0.0003284777777777778, 0.0, 0.0, 0.0, 0.0, 1
0, 4345.29, -0.005769361111111111, -0.0003284777777777778, 0.0, 0.0, 0.0, 0.0, 1
0, 4712.09, -0.005769361111111111, -0.0003284777777777778, 0.0, 0.0, 0.0, 0.0, 1
0, 5098.62, -0.005769361111111111, -0.0003284777777777778, 0.0, 0.0, 0.0, 0.0, 1
0, 5504.72, -0.005769361111111111, -0.0003284777777777778, 0.0, 0.0, 0.0, 0.0, 1
0, 5926.31, -0.005769361111111111, -0.0003284777777777778, 0.0, 0.0, 0.0, 0.0, 1
0, 6363.39, -0.005769361111111111, -0.0003284777777777778, 0.0, 0.0, 0.0, 0.0, 1
0, 6812.3, -0.005769361111111111, -0.0003284777777777778, 0.0, 0.0, 0.0, 0.0, 1
0, 7270.74, -0.005769361111111111, -0.0003284777777777778, 0.0, 0.0, 0.0, 0.0, 1
0, 7738.29, -0.005769361111111111, -0.0003284777777777778, 0.0, 0.0, 0.0, 0.0, 1
0, 8213.97, -0.005769361111111111, -0.0003284777777777778, 0.0, 0.0, 0.0, 0.0, 1
0, 8690.56, -0.005769361111111111, -0.0003284777777777778, 0.0, 0.0, 0.0, 0.0, 1
0, 9139.95, -0.005769361111111111, -0.0003284777777777778, 0.0, 0.0, 0.0, 0.0, 1
0, 9561.2, -0.005769361111111111, -0.0003284777777777778, 0.0, 0.0, 0.0, 0.0, 1
0, 9583.95, -0.005769361111111111, -0.0003284777777777778, 0.0, 0.0, 0.0, 0.0, 1
0, 9583.95, -0.005769361111111111, -0.0003284777777777778, 0.0, 0.0, 0.0, 0.0, 1
0, 9583.95, -0.005769361111111111, -0.0003284777777777778, 0.0, 0.0, 0.0, 0.0, 1
0, 9583.95, -0.005769361111111111, -0.0003284777777777778, 0.0, 0.0, 0.0, 0.0, 1
0, 9583.95, -0.005769361111111111, -0.0003284777777777778, 0.0, 0.0, 0.0, 0.0, 1
0, 9583.95, -0.005769361111111111, -0.0003284777777777778, 0.0, 0.0, 0.0, 0.0, 1
0, 9583.95, -0.005769361111111111, -0.0003284777777777778, 0.0, 0.0, 0.0, 0.0, 1
0, 9583.95, -0.005769361111111111, -0.0003284777777777778, 0.0, 0.0, 0.0, 0.0, 1
0, 9583.95, -0.005769361111111111, -0.0003284777777777778, 0.0, 0.0, 0.0, 0.0, 1
0, 9583.95, -0.005769361111111111, -0.0003284777777777778, 0.0, 0.0, 0.0, 0.0, 1
0, 9583.95, -0.005769361111111111, -0.0003284777777777778, 0.0, 0.0, 0.0, 0.0, 1
0, 9583.95, -0.005769361111111111, -0.0003284777777777778, 0.0, 0.0, 0.0, 0.0, 1
0, 9583.95, -0.005769361111111111, -0.0003284777777777778, 0.0, 0.0, 0.0, 0.0, 1
0, 9583.95, -0.005769361111111111, -0.0003284777777777778, 0.0, 0.0, 0.0, 0.0, 1
0, 9583.95, -0.005769361111111111, -0.0003284777777777778, 0.0, 0.0, 0.0, 0.0, 1
0, 9583.95, -0.005769361111111111, -0.0003284777777777778, 0.0, 0.0, 0.0, 0.0, 1
0, 9583.95, -0.005769361111111111, -0.0003284777777777778, 0.0, 0.0, 0.0, 0.0, 1
0, 9583.95, -0.005769361111111111, -0.0003284777777777778, 0.0, 0.0, 0.0, 0.0, 1
0, 9583.95, -0.005769361111111111, -0.0003284777777777778, 0.0, 0.0, 0.0, 0.0, 1
0, 9583.95, -0.005769361111111111, -0.0003284777777777778, 0.0, 0.0, 0.0, 0.0, 1
0, 9583.95, -0.005769361111111111, -0.0003284777777777778, 0.0, 0.0, 0.0, 0.0, 1
0, 9583.95, -0.014512583333333334, -0.0013101444444444444, -40.64104232421955, 62.56584531269563, -156.12813438417368, 174.48742101355066, 1
1, 956.343, -0.019894694444444444, -0.0007924166666666667, 33.52381788888398, -13.279557409306117, 164.32200381233957, -95.90855124253876, 1
1, 971.761, -0.025247694444444448, 0.0015531166666666668, -41.1107531246678, 60.892808550913635, -95.49430275665918, 163.59492037031856, 1
1, 987.193, -0.030788333333333338, 0.001606263888888889, 33.65336364636306, -14.082156688725373, 164.40852043940436, -95.2273044241282, 1
1, 1002.64, -0.03613916666666667, 0.0032463333333333337, -41.03403407589978, 59.768092399071826, -95.18834329405932, 164.4176877641264, 1
1, 1018.09, -0.04149138888888889, 0.002731958333333333, 33.6609839850383, -16.42606973282606, 164.41711480633128, -94.89384298736208, 1
1, 1033.55, -0.04664805555555556, 0.004348, -41.74960106623867, 55.57501536696592, -95.22558555074282, 164.73625229821917, 1
1, 1049.03, -0.051874722222222225, 0.0031144444444444444, 31.603549838503028, -21.2600573545653, 164.90241005880708, -94.79586720439471, 1
1, 942.478, -0.05692194444444444, 0.004500583333333334, -44.21011102164847, 50.62368598878388, -83.19748255756144, 191.91737009922542, 1
1, 942.478, 0.03879055555555556, 0.008761444444444445, 27.325560461158734, -22.53918563219486, 116.86276372606322, -23.91915448176745, 1
1, 942.478, 0.14197972222222222, 0.0074926666666666674, -28.880567917143786, 49.13307898897154, 17.661194851789574, 13.512865823483388, 1
1, 942.478, 0.21188166666666666, 0.005026500000000001, 56.444994483092565, 4.558297519456144, 111.55430975417615, 108.82015515581186, 1
1, 942.478, 0.3189777777777778, 0.003928361111111111, -16.04299015100159, 113.70347444371187, 72.51010080498621, 74.14245756331393, 1
1, 942.478, 0.4022027777777778, 0.0032348333333333335, 122.10360867812487, 5.328324148222214, 13.46926373527393, 258.57929068931134, 1
1, 942.478, 0.48638611111111113, 0.0006931305555555556, 18.120248637248388, 136.56792821620252, 345.03117352321584, 1.2330796596348985, 1
1, 942.478, 0.5746444444444444, 0.00024475944444444446, 149.9350335766046, 33.34774795844028, 26.12825055667385, 361.7122667706546, 1
1, 942.478, 0.6626500000000001, 3.432555555555555e-05, 49.474389947530966, 165.2169638883339, 379.2493589640189, 50.22353226466452, 1
1, 942.478, 0.750263888888889, 1.4014777777777779e-05, 180.60317251877706, 65.07482749757351, 76.75285327792996, 398.6892439950126, 1
1, 942.478, 0.8376250000000001, -4.3784166666666667e-05, 81.30844070701512, 196.35149047574285, 418.28497354628183, 104.92060440215148, 1
1, 942.478, 0.9254194444444446, -4.246027777777778e-05, 211.7285317814639, 96.70840032454139, 130.5988539065296, 437.00407767100097, 1
1, 942.478, 1.0138, -5.034083333333334e-05, 113.45080005605917, 227.2184457728257, 451.2604135294461, 153.81739559641105, 1
1, 942.478, 1.1029666666666669, -5.369722222222222e-05, 243.14495360407722, 129.39392366336946, 172.61556789685827, 462.25031699785046, 1
1, 942.478, 1.1926111111111113, -3.382527777777778e-05, 146.2789898858748, 258.59819829655066, 467.24822784477664, 192.41068676083307, 1
1, 942.478, 1.2823361111111111, -2.446352777777778e-05, 274.1637427168697, 162.41577322793933, 207.62729988391746, 476.158294516856, 1
1, 942.478, 1.381052777777778, -0.00034213888888888895, 259.58941528212694, 212.23445351456442, 347.2765951223335, 362.9108944780683, 1
1, 942.478, 1.47035, 0.00028676111111111116, 229.10920649675742, 274.60606613471066, 375.15442960221884, 363.22945901216104, 1
1, 942.478, 1.5602, -0.00031716111111111114, 289.7894477056775, 245.67284339619437, 373.48884129177355, 387.3979647263694, 1
1, 942.478, 1.6528444444444446, 0.00027390861111111116, 262.7097434344094, 304.7682833437826, 380.7579568385983, 378.18881408523174, 1
1, 984.264, 1.737666666666667, -0.00027073500000000003, 319.36667500592085, 279.05909411846744, 410.9751779960028, 419.5082384388861, 1
1, 942.478, 1.8423416666666668, -0.0003519416666666667, 302.7360020444536, 336.3531547581644, 365.16147269734216, 329.0485158280415, 1
1, 1066.66, 1.9173222222222222, -0.0005336222222222223, 345.83331443639895, 315.41842283967435, 456.07211309295474, 450.42905176871125, 1
1, 945.067, 2.021272222222222, 0.0005191333333333333, 343.1260888544058, 347.489162464327, 398.7402372387792, 406.8905618745152, 1
1, 1146.39, 2.1013972222222224, -0.0001516925, 303.31526237533086, 384.5996388549505, 489.0670336411535, 483.2165615950726, 1
1, 1014.34, 2.203580555555556, -0.0004260944444444444, 329.7979446240726, 448.7640364160611, 432.8547173186635, 431.60509636748327, 1
1, 1198.63, 2.2852750000000004, -0.0003701944444444445, 447.8770977491986, 369.6752342073828, 532.9452875078622, 497.859071007436, 1
1, 1046.96, 2.3948500000000004, -1.7730527777777778e-05, 478.8065054459507, 356.77680832339774, 400.4316086500054, 499.874163572911, 1
1, 1203.21, 2.4819277777777775, -0.00016177999999999999, 418.90949754297446, 430.16926413288536, 550.9974687590491, 482.62698802388303, 1
1, 1153.42, 2.5844833333333335, -0.0011580861111111112, 391.85614933028234, 499.3814198690985, 465.6072767195219, 489.577539036615, 1
1, 1212.44, 2.6760944444444448, -0.00020331805555555557, 409.841867477234, 517.0457086929819, 567.5444898824271, 465.60097418377546, 1
1, 1413.5, 2.7592333333333334, -3.337777777777778e-05, 488.41844541706536, 489.39476549996834, 499.1929167545005, 694.4878730560222, 1
1, 1223.97, 2.8762777777777777, -0.0003168944444444445, 551.1006011621726, 452.8211505633825, 525.8314435235179, 520.5487726524117, 1
1, 1394.19, 2.9638333333333335, 5.0615555555555555e-05, 571.73911390058, 458.1599712984115, 548.5285936198303, 623.3207853228225, 1
1, 1357.73, 3.070361111111111, 0.0001988438888888889, 522.8658139759208, 506.21967115398496, 572.0914829445854, 603.8402202883746, 1
1, 1442.63, 3.166833333333334, -0.00015175805555555556, 495.1925254288971, 562.3168229596536, 676.0787390984688, 540.4527534974613, 1
1, 1430.43, 3.268388888888889, -6.462361111111112e-05, 506.6150120326252, 618.3188637713305, 607.7764403409233, 618.7600412735812, 1
1, 1518.61, 3.3633055555555558, -0.0002725944444444445, 563.3922647411141, 637.7020259806063, 656.082512048403, 617.510993280196, 1
1, 1530.17, 3.4667222222222223, -0.0003515888888888889, 624.163033281665, 606.9170036482271, 675.7349644213903, 645.0817223818913, 1
1, 1561.19, 3.572944444444445, 0.00013777333333333334, 669.948090690569, 583.3684382683502, 647.4480380757816, 673.1795726551069, 1
1, 1706.36, 3.669027777777778, -9.345361111111112e-05, 680.0550661966766, 581.9646916702798, 715.9795199513793, 728.3668674821078, 1
1, 1650.7, 3.7919722222222223, 1.1138611111111113e-06, 606.1205923129952, 669.5756681237339, 699.6101157444917, 699.615845322443, 1
1, 1701.46, 3.8928611111111113, -9.71563888888889e-05, 620.1981653393597, 721.2106246209238, 708.3419925422854, 734.1193637452211, 1
1, 1779.92, 3.9918055555555556, -6.732527777777777e-05, 681.1093085397175, 741.8714827133413, 801.0694821062579, 707.0528375032411, 1
1, 1793.48, 4.100222222222222, -3.451111111111111e-05, 733.987583452341, 731.3577071726907, 759.8222504347899, 758.9513545861911, 1
1, 1833.26, 4.20875, -2.4170611111111114e-05, 775.8364208086965, 715.1773790381962, 768.7202849931716, 785.9032892691449, 1
1, 1877.98, 4.318444444444444, 6.9718888888888895e-06, 792.3089574187076, 705.265209182433, 792.3662531982206, 800.1813975238051, 1
1, 1926.26, 4.428916666666667, 3.55225e-05, 777.222978672913, 716.7129059291468, 814.1501085690945, 818.9400357363883, 1
1, 1974.68, 4.5385, 1.0415916666666666e-05, 762.1140816153131, 751.5487398731009, 833.9458003908645, 839.8988318822738, 1
1, 2023.61, 4.645888888888889, 2.424791666666667e-05, 761.0541096943211, 804.770789462803, 853.6383598095109, 861.4706928689493, 1
1, 2073.17, 4.75375, -3.1614722222222225e-05, 777.9620942286317, 851.2262074920102, 875.0268743017446, 882.1200918054641, 1
1, 2125.46, 4.862333333333334, -3.9504722222222226e-05, 820.5958837643163, 884.4978666552571, 898.3863636092282, 902.99294428208, 1
1, 2180.97, 4.974416666666667, -7.452999999999999e-05, 869.0566540764813, 900.3687975803808, 923.7569347776209, 924.9830644592009, 1
1, 2238.41, 5.091722222222223, -9.579777777777777e-05, 912.1316211144167, 897.8764311715618, 949.2134496152836, 948.3998495461979, 1
1, 2298.39, 5.213472222222222, -9.780555555555556e-05, 940.911291163838, 893.1724476735378, 974.9163363048523, 973.6443699996619, 1
1, 2361.45, 5.338611111111112, -8.047194444444444e-05, 954.054942984139, 895.332498561181, 1001.4901188430198, 1000.4129581881739, 1
1, 2428.05, 5.466694444444444, -4.819027777777778e-05, 955.2638839318649, 910.447125196732, 1029.2728423289136, 1028.9061493400297, 1
1, 2498.59, 5.597111111111111, -1.205877777777778e-05, 957.2577770589203, 938.3157923518952, 1058.7171434206866, 1059.0551885198138, 1
1, 2574.22, 5.729694444444444, 1.0995194444444447e-05, 967.1699469146835, 976.9102294319075, 1090.5621376740576, 1091.1580137809938, 1
1, 2656.2, 5.865333333333334, 1.303477777777778e-05, 988.1860388400821, 1016.8625764863798, 1125.1859772338134, 1125.8620674320675, 1
1, 2747.25, 6.0049166666666665, -6.625416666666667e-06, 1018.9309541268021, 1052.683897837959, 1163.6142565532377, 1164.2846171735405, 1
1, 2852.26, 6.149166666666667, -3.884722222222223e-05, 1054.769464212235, 1082.351652469833, 1207.7663842460188, 1208.511229379689, 1
1, 2978.44, 6.298638888888889, -7.168388888888888e-05, 1089.8917770537546, 1106.5648488920615, 1260.7306028279122, 1261.50982542929, 1
1, 3141.94, 6.453500000000001, -9.790611111111111e-05, 1121.650827637856, 1128.2570310157146, 1329.0271720075064, 1329.9668227915208, 1
1, 3357.84, 6.6135, -0.000115335, 1150.1382892117606, 1150.757083630502, 1419.3367796760265, 1420.5743685135092, 1
1, 3648.37, 6.777972222222223, -0.00012818722222222224, 1177.1647084080817, 1175.703666030498, 1540.44859841078, 1542.0528802371464, 1
1, 4068.52, 6.946583333333334, -0.00014077694444444445, 1204.4489586122113, 1203.0910486377513, 1715.2637512831457, 1717.0055429803433, 1
1, 4677.41, 7.119722222222222, -0.00015772333333333334, 1232.9650680758725, 1232.2488708319588, 1970.3903982989984, 1970.716984242223, 1
1, 5507.64, 7.298472222222222, -0.00018065805555555556, 1263.0052452745815, 1262.7588734226754, 2317.8148165324756, 2317.8148165324756, 1
1, 6529.04, 7.485027777777779, -0.0002090166666666667, 1294.7585662807317, 1294.7241888130238, 2747.9800699607954, 2747.9800699607954, 1
1, 7642.58, 7.681500000000001, -0.00023840000000000002, 1328.4198367446677, 1328.4198367446677, 3219.621738178635, 3219.621738178635, 1
1, 8760.47, 7.887666666666668, -0.00026536, 1363.9145721530222, 1363.8973834191681, 3696.7924491194867, 3696.7924491194867, 1
2, 5465.03, 8.09088888888889, -0.00028815000000000004, 1399.2832568464478, 1399.24887937874, 2637.170032382494, 2636.614263321217, 1
2, 5448.21, 8.270666666666667, -0.00029051944444444445, 1430.8475017802048, 1430.8188538904483, 1575.5078858948352, 1574.1958125439855, 1
2, 5431.64, 8.280166666666666, -0.00018278694444444447, 1433.1278738048254, 1433.1507921166308, 1463.4086932774894, 1460.7730874198878, 1
2, 5415.29, 8.27586111111111, -0.00011575416666666668, 1435.740561350622, 1435.7119134608656, 1445.2745790615988, 1451.3651204238397, 1
2, 5399.18, 8.269694444444445, -7.726055555555555e-05, 1434.0216879652296, 1434.663400695776, 1427.5128874125435, 1464.869735655073, 1
2, 5383.3, 8.263277777777779, -0.00015532416666666667, 1435.012904950806, 1430.7271806432275, 1469.1096233390413, 1421.5140192975236, 1
2, 5367.64, 8.256972222222222, -8.300694444444446e-05, 1436.1989275867268, 1426.6419915639447, 1518.0173007314083, 1370.2744036789743, 1
1, 3412.62, 8.250527777777778, 0.00010253861111111111, 1429.770341125359, 1430.1886003158045, 1427.9426057588917, 1461.409070572483, 1
1, 3419.46, 8.244722222222222, 6.0059166666666676e-05, 1422.9063067396917, 1434.6118344942142, 1379.1953565491613, 1505.297637679504, 1
1, 3426.24, 8.238750000000001, -8.345583333333333e-05, 1423.0323574546205, 1432.2569779562266, 1412.5128523360183, 1469.7054994459772, 1
1, 3432.97, 8.232805555555556, -0.00018720888888888891, 1427.5472648802513, 1425.8169323389563, 1476.0424126601242, 1404.0044290783258, 1
1, 3439.65, 8.227, -0.00010569944444444444, 1429.306245311303, 1422.2302165414374, 1502.3297163007264, 1375.5456153941777, 1
1, 3446.28, 8.221277777777777, 5.106055555555556e-05, 1425.4101323044133, 1424.2355688243952, 1434.010228809327, 1442.020178785256, 1
1, 3452.85, 8.21563888888889, 7.350194444444444e-05, 1420.6603121827789, 1427.077439488244, 1369.2545388036413, 1504.9309446906202, 1
1, 3459.38, 8.210138888888888, -8.162472222222223e-05, 1420.7634445859023, 1425.0835463611886, 1410.455933851499, 1461.7184677818536, 1
1, 3390.53, 8.20713888888889, -0.00015923750000000001, 1424.4131857408859, 1420.4253994867752, 1494.0332874272322, 1383.4810808567397, 1
1, 4641.57, 8.32125, -0.0004522305555555556, 1441.945694271889, 1438.1813615578794, 1949.2425260807197, 1947.7356470795257, 1
1, 5766.27, 8.480472222222222, -0.000631511111111111, 1467.677228851214, 1466.7203893333458, 2421.881140862087, 2421.881140862087, 1
1, 7915.54, 8.590972222222222, -0.0006531166666666667, 1489.1001208111556, 1489.0199067198373, 3279.9656531618134, 3279.9656531618134, 1
1, 9456.41, 8.684166666666668, -0.001435502777777778, 1503.3495811760592, 1502.4614965936064, 3924.7780853799927, 3932.965652272412, 1
2, 5779.96, 8.916944444444445, -0.0024027277777777783, 1542.413843648079, 1541.800778807289, 2718.415447732045, 2721.0338648557927, 1
2, 5756.42, 9.115805555555555, -0.002263038888888889, 1579.277948186796, 1578.8482298404479, 1538.5635672647998, 1537.2056572903396, 1
2, 5733.26, 9.101083333333333, -0.0010349527777777777, 1576.3157563859695, 1576.4017000552392, 1575.8516605719135, 1581.3004892036076, 1
2, 5710.48, 9.092611111111113, -0.0005093805555555556, 1576.7741226220742, 1575.7829056364978, 1615.2081315194498, 1562.0892143328713, 1
2, 5688.08, 9.085944444444445, -0.00010263166666666667, 1573.605666015001, 1576.5392099260705, 1546.5047623053126, 1631.6921272853638, 1
2, 5666.04, 9.079472222222224, -0.00023828083333333333, 1574.2760266353037, 1573.1931364025065, 1610.4984184434745, 1565.8306287350756, 1
2, 2357.88, 9.073055555555555, 9.659666666666667e-06, 1573.1530293568476, 1571.881063051657, 1588.5598644679153, 1578.5961284105902, 1
1, 3986.71, 9.079305555555555, -5.101777777777778e-05, 1572.2191081507842, 1576.1495986253817, 1551.5868979481234, 1620.7085263527058, 1
1, 3988.59, 9.072583333333332, -0.0001160725, 1574.293215369158, 1571.2221615872566, 1610.1317254545907, 1563.831006030069, 1
1, 3990.46, 9.06625, -8.19563888888889e-08, 1571.7722010705822, 1571.0216263589607, 1602.8780797682346, 1568.7469839122914, 1
1, 3992.3, 9.059888888888889, -9.398916666666667e-06, 1568.1511078053552, 1572.305051820054, 1544.6942156726996, 1624.5186956903258, 1
1, 3994.13, 9.0535, -0.00012715916666666667, 1570.5116939212942, 1567.7271190369584, 1600.8555387514227, 1566.306183705034, 1
1, 3995.93, 9.047166666666667, -1.7963361111111114e-05, 1568.9704374523924, 1567.0854063064119, 1610.8937593221149, 1554.1021826687474, 1
1, 3727.62, 9.040833333333333, 9.723e-07, 1564.6044990534956, 1569.2683755058604, 1537.8817474885939, 1625.5213718318046, 1
1, 5295.94, 9.169361111111112, 0.00033424444444444444, 1586.5144051392983, 1587.866585535807, 2221.099540714393, 2221.099540714393, 1
1, 6766.28, 9.347055555555556, 0.0004419527777777778, 1617.144728866992, 1617.3166162055313, 2842.3404892408903, 2842.3404892408903, 1
1, 8288.26, 9.546027777777777, 0.00040416666666666666, 1651.0409120269314, 1651.109666962347, 3488.4592652319684, 3488.4592652319684, 1
2, 5191.95, 9.752916666666668, 0.00032048333333333336, 1686.850774222608, 1686.890881268267, 2418.6840363652573, 2421.766549303061, 1
2, 5177.68, 9.860805555555556, 0.00018171222222222226, 1710.3420438229716, 1710.4279874922413, 1750.2542838317847, 1754.2248813520416, 1
2, 5163.64, 9.858500000000001, 5.412111111111111e-05, 1709.3107197917363, 1709.1445620311483, 1734.0567669634365, 1721.4746137823636, 1
2, 5149.81, 9.852638888888889, 9.76025e-06, 1707.4428773796096, 1708.021564752692, 1710.2389114198481, 1736.892908049334, 1
2, 5136.19, 9.846277777777777, -9.078166666666667e-05, 1706.927215363992, 1706.147992762614, 1728.4245918373003, 1715.9570302152538, 1
2, 5122.79, 9.83988888888889, -3.519277777777778e-05, 1705.9188096445619, 1704.9275926589853, 1749.515168276066, 1692.689214154991, 1
2, 2560.37, 9.833527777777778, -1.6104416666666668e-05, 1702.7503530374881, 1705.8844321768538, 1675.2254605594035, 1760.5675241441397, 1
1, 4317.24, 9.84127777777778, -0.00021867083333333332, 1706.3256096791047, 1705.9932941579289, 1712.2729115925624, 1727.0151156612787, 1
1, 4315.22, 9.834694444444445, -0.0001897886111111111, 1705.7583814619252, 1703.5983305742818, 1744.4273030553045, 1696.0009102108472, 1
1, 4313.23, 9.828416666666667, -9.57175e-05, 1702.9394291098815, 1703.9994010308735, 1711.1900213597653, 1726.9578198817658, 1
1, 4311.26, 9.822138888888889, -0.00012647722222222223, 1701.873727610938, 1702.8248375508554, 1701.741947318058, 1734.2401134578784, 1
1, 4309.31, 9.81588888888889, -0.00012854861111111113, 1702.0914515730879, 1700.43560354516, 1736.5835108399635, 1697.1582849570113, 1
1, 4307.39, 9.80963888888889, -5.496305555555556e-05, 1699.9772373090552, 1700.384037343598, 1716.2435091128193, 1715.3554245303665, 1
1, 4038.22, 9.803944444444443, -0.00013194972222222223, 1699.696487989441, 1699.2495809092388, 1693.21060574856, 1735.4662431394584, 1
1, 5795.09, 9.933916666666667, 0.00023276361111111113, 1717.1258641173206, 1717.4123430148861, 2429.9713049293346, 2429.9713049293346, 1
1, 7404.7, 10.1125, 0.0007809611111111111, 1749.2115006446468, 1749.5667344776277, 3111.086343047003, 3111.086343047003, 1
1, 8950.32, 10.312888888888889, 0.0012657666666666667, 1783.6749120217657, 1784.104630368114, 3774.359475424298, 3774.359475424298, 1
2, 5594.31, 10.521666666666667, 0.00165765, 1819.8514672063259, 1820.2983742865279, 2699.691186987169, 2688.6159128072904, 1
2, 5573.77, 10.659166666666666, 0.0014275833333333334, 1850.0234246979153, 1850.0348838538177, 1857.4317689889567, 1861.7003045626814, 1
2, 5553.57, 10.655222222222223, 0.0007378833333333333, 1847.3935484182646, 1847.2216610797252, 1872.03073360889, 1853.140315103427, 1
2, 5533.69, 10.650805555555555, 0.0003580972222222222, 1845.600190519505, 1846.471086368104, 1838.3178969433923, 1887.1854672901004, 1
2, 5514.12, 10.646583333333334, 0.00010242305555555556, 1845.8694806832168, 1844.5631369103185, 1881.1178442396647, 1843.090635376832, 1
2, 5494.86, 10.642555555555557, 8.484361111111111e-05, 1844.6834580472957, 1844.3224946363637, 1876.5742889242777, 1846.2361736721004, 1
2, 2767.84, 10.638722222222222, 2.6822083333333335e-05, 1842.9588550839521, 1844.7121059370525, 1829.11046517564, 1886.469270046187, 1
1, 4664.94, 10.650083333333333, -8.431083333333333e-05, 1845.9038581509246, 1846.0528271776586, 1853.9424560166099, 1868.4497473893223, 1
1, 4658.37, 10.646083333333333, 0.00038335, 1845.0673397700336, 1845.2564158424268, 1875.9268466157798, 1848.3962245597434, 1
1, 4651.9, 10.64213888888889, 0.0002677327777777778, 1844.2537397009476, 1844.5574073323673, 1851.5933290565736, 1870.4952067179393, 1
1, 4645.51, 10.637833333333333, 8.074944444444445e-05, 1843.9214241797717, 1843.4344100539106, 1866.9142204983716, 1854.2690419598348, 1
1, 4639.21, 10.633611111111112, 4.3299166666666674e-05, 1842.9817733957573, 1842.9302071941954, 1864.0723498345228, 1855.6326815122457, 1
1, 4633.0, 10.629388888888888, -8.467583333333333e-06, 1841.864505695252, 1842.586432517117, 1843.142201578394, 1875.038762033327, 1
1, 4372.2, 10.625166666666667, -5.650888888888889e-05, 1841.9504493645218, 1841.0337168923127, 1870.5181250297449, 1843.5088945672776, 1
1, 6176.49, 10.765416666666667, -0.0001782363888888889, 1863.0639441150925, 1862.6857919703061, 2592.020958126185, 2592.020958126185, 1
1, 7761.17, 10.953750000000001, -0.00038344444444444445, 1895.0464482392954, 1894.8974792125614, 3262.7941080417427, 3262.7941080417427, 1
1, 9210.11, 11.158416666666666, -0.0005864361111111111, 1929.9567666966163, 1929.7963385139797, 3887.598854053954, 3887.598854053954, 1
2, 5752.09, 11.366944444444444, -0.000787775, 1966.0473782119068, 1965.8583021395134, 2805.2529311620724, 2810.6387344363025, 1
2, 5729.0, 11.498611111111112, -0.0007259916666666667, 1995.308332809238, 1995.308332809238, 2010.9500806163096, 2010.1937763267367, 1
2, 5706.3, 11.495583333333332, -0.00045195833333333335, 1992.4148959438273, 1992.4664621453892, 2006.4638210804349, 2012.7548976709713, 1
2, 5683.96, 11.491222222222223, -0.00029186944444444446, 1991.6700508101574, 1991.5038930495691, 2014.3763682311917, 2005.2090435090988, 1
2, 5661.99, 11.486972222222223, -0.0001901088888888889, 1990.8278028513148, 1990.8850986308282, 2009.362987523797, 2008.8530550861308, 1
2, 5640.37, 11.48275, -0.0001484527777777778, 1990.0371210940345, 1990.203278854622, 2004.8137026304585, 2011.9183792900808, 1
2, 2985.93, 11.478527777777778, -0.00013123083333333333, 1989.4297858311957, 1989.3495717398775, 2005.0027787028514, 2003.6104912606836, 1
1, 5027.94, 11.490333333333334, -0.00011559944444444445, 1991.3549240228351, 1991.291898665371, 2009.2770438545274, 2008.1826944658276, 1
1, 5016.17, 11.485944444444446, -0.00010969861111111112, 1990.6559155127754, 1990.644456356873, 2009.1280748277934, 2008.801488884569, 1
1, 5004.58, 11.48177777777778, -0.00010732555555555556, 1989.9454478468133, 1989.956907002716, 2008.1082099524604, 2008.3030156028049, 1
1, 4993.16, 11.477638888888889, -0.00010688222222222222, 1989.2349801808512, 1989.2407097588027, 2007.4206605983034, 2007.5409817352813, 1
1, 4981.92, 11.473500000000001, -0.00010711333333333334, 1988.524512514889, 1988.524512514889, 2006.7732182898058, 2006.744570400049, 1
1, 4970.84, 11.469416666666667, -0.00010764972222222222, 1987.8140448489269, 1987.8140448489269, 2006.0627506238434, 2006.0226435781842, 1
1, 4713.32, 11.465333333333334, -0.00010833888888888889, 1987.1035771829645, 1987.109306760916, 2002.8771052829163, 2002.8771052829163, 1
1, 6768.72, 11.597027777777777, -0.00012985611111111111, 2006.8534323811243, 2006.8477028031728, 2838.7881509110794, 2838.7881509110794, 1
1, 8546.5, 11.77875, -0.00016458333333333334, 2037.8046124740913, 2037.7931533181886, 3592.880823394561, 3592.880823394561, 1
2, 5363.24, 11.9715, -0.00019441555555555555, 2070.9960575460195, 2070.9788688121657, 2616.984729260035, 2616.1195629893878, 1
2, 5346.34, 12.05313888888889, -0.00017777083333333333, 2090.316194397831, 2090.293276086026, 2114.409069683082, 2114.5637682877677, 1
2, 5329.7, 12.050833333333335, -0.00014366944444444446, 2088.098847730675, 2087.8524758787685, 2107.900269130396, 2108.564900172748, 1
2, 5313.31, 12.04725, -9.889166666666667e-05, 2087.9097716582814, 2087.846746300817, 2107.5163874076584, 2106.6454915590593, 1
2, 5297.18, 12.043611111111112, -7.833916666666666e-05, 2087.3081659733944, 2087.3024363954432, 2106.5366295779845, 2106.364742239445, 1
2, 5281.29, 12.039972222222222, -7.118666666666666e-05, 2086.672182820799, 2086.689371554653, 2105.5683309042133, 2106.061074608026, 1
2, 3134.11, 12.036277777777778, -6.989027777777779e-05, 2086.0476588241063, 2086.0476588241063, 2102.7035419285594, 2102.7551081301212, 1
1, 5270.21, 12.049555555555555, -7.00688888888889e-05, 2088.196250555847, 2088.2019801337983, 2106.800190163745, 2107.035102859749, 1
1, 5254.74, 12.045694444444445, -7.243083333333334e-05, 2087.6519406504726, 2087.6519406504726, 2106.788731007842, 2106.9090521448197, 1
1, 5239.49, 12.041944444444445, -7.466222222222223e-05, 2087.02741665378, 2087.02741665378, 2106.1756661670524, 2106.169936589101, 1
1, 5224.48, 12.03813888888889, -7.679305555555555e-05, 2086.3742447673308, 2086.3742447673308, 2105.5167647026515, 2105.499575968798, 1
1, 5209.71, 12.034250000000002, -7.550416666666667e-05, 2085.7096137249796, 2085.7096137249796, 2104.9151590177644, 2104.9036998618617, 1
1, 5195.16, 12.030083333333335, -7.037805555555557e-05, 2084.987686903114, 2084.981957325163, 2103.9067532983345, 2103.9124828762856, 1
1, 4940.49, 12.025388888888891, -5.205722222222222e-05, 2084.17981641198, 2084.174086834029, 2100.1882572079353, 2099.9418853560287, 1
1, 6717.9, 12.18238888888889, -4.7121111111111114e-05, 2107.4820099399503, 2107.5163874076584, 2824.630363793397, 2824.630363793397, 1
1, 8119.88, 12.391750000000002, -4.969527777777778e-05, 2143.291872135627, 2143.314790447432, 3418.5641438039593, 3418.5641438039593, 1
2, 5082.82, 12.60113888888889, -9.037555555555555e-05, 2179.800742841363, 2179.7892836854603, 2342.045201688558, 2344.6120526107443, 1
2, 5070.23, 12.61625, -7.91511111111111e-05, 2187.4096223607003, 2187.4325406725056, 2208.8210551647394, 2210.4597144588133, 1
2, 5057.83, 12.612277777777779, -7.196138888888889e-05, 2185.948579983117, 2185.9199320933603, 2207.0448859998337, 2204.667111150041, 1
2, 5045.61, 12.607638888888891, -6.815055555555556e-05, 2185.0891432904205, 2185.0948728683716, 2205.3489309262463, 2204.8905646901417, 1
2, 5033.58, 12.603027777777777, -7.12163888888889e-05, 2184.275543221335, 2184.3041911110913, 2203.8248631911983, 2204.8103505988233, 1
2, 5021.73, 12.598416666666667, -7.628277777777778e-05, 2183.4905910420052, 2183.496320619957, 2203.3607673771426, 2203.6644350085617, 1
2, 3281.51, 12.593833333333334, -8.087972222222222e-05, 2182.699909284725, 2182.6941797067734, 2200.9600742155444, 2200.8111051888104, 1
1, 5508.9, 12.606916666666669, -8.638944444444445e-05, 2184.6422362102185, 2184.6422362102185, 2205.114018230243, 2205.005156249168, 1
1, 5489.72, 12.602333333333334, -9.020055555555556e-05, 2184.1437629284546, 2184.138033350503, 2204.2373928036927, 2204.1800970241793, 1
1, 5470.85, 12.597805555555556, -9.396666666666667e-05, 2183.3817290609304, 2183.3817290609304, 2203.4180631566555, 2203.406604000753, 1
1, 5452.27, 12.593305555555556, -9.745722222222222e-05, 2182.602506459553, 2182.602506459553, 2202.6216518214237, 2202.6273813993753, 1
1, 5433.99, 12.588805555555556, -0.00010064250000000001, 2181.823283858175, 2181.823283858175, 2201.8366996420946, 2201.8424292200457, 1
1, 5415.99, 12.58436111111111, -0.00010344027777777778, 2181.0555204126995, 2181.0555204126995, 2201.0574770407165, 2201.0574770407165, 1
1, 5165.46, 12.579916666666668, -0.00010587277777777779, 2180.282027389273, 2180.282027389273, 2196.301927341131, 2196.301927341131, 1
1, 7369.65, 12.711277777777777, -0.0001313686111111111, 2199.653730442646, 2199.6422712867434, 3091.989659735293, 3091.989659735293, 1
1, 9120.26, 12.893222222222223, -0.00017977888888888889, 2230.645017581272, 2230.6278288474186, 3843.515481296588, 3843.515481296588, 1
2, 5712.84, 13.085833333333335, -0.00022885583333333336, 2263.7791668736877, 2263.7562485618823, 2854.9512903117197, 2854.8023212849857, 1
2, 5690.39, 13.173472222222223, -0.0002182311111111111, 2283.317027687649, 2283.3055685317463, 2314.887002199357, 2314.789599374185, 1
2, 5668.31, 13.170527777777778, -0.00018068777777777777, 2282.761258626372, 2282.761258626372, 2303.697136460452, 2303.7601618179165, 1
2, 5646.59, 13.166583333333335, -0.0001530425, 2282.1653825194358, 2282.1711120973873, 2302.837699767756, 2302.8663476575125, 1
2, 5625.22, 13.16238888888889, -0.00010195000000000001, 2281.1569768000054, 2281.1283289102494, 2302.1616095695017, 2302.138691257697, 1
2, 5604.2, 13.157694444444445, -7.527333333333333e-05, 2280.417861244287, 2280.4064020883843, 2301.3422799224645, 2301.330820766562, 1
2, 3423.2, 13.152777777777779, -6.508083333333334e-05, 2279.5641541295417, 2279.5641541295417, 2297.245631687279, 2297.245631687279, 1
1, 5744.98, 13.16538888888889, -6.122888888888889e-05, 2281.5695064125, 2281.5809655684025, 2302.8491589236587, 2303.0153166842465, 1
1, 5722.02, 13.159916666666668, -6.203722222222222e-05, 2280.7960133890733, 2280.7960133890733, 2301.7089729113486, 2301.8063757365207, 1
1, 5699.42, 13.15413888888889, -6.355722222222222e-05, 2279.8219851373506, 2279.827714715302, 2300.7406742375774, 2300.763592549383, 1
1, 5677.2, 13.148027777777779, -6.57438888888889e-05, 2278.7792019502126, 2278.7792019502126, 2299.692161472488, 2299.692161472488, 1
1, 5655.33, 13.141611111111112, -6.816527777777777e-05, 2277.6791229835617, 2277.6791229835617, 2298.5806233499343, 2298.5806233499343, 1
1, 5633.82, 13.13477777777778, -6.458916666666666e-05, 2276.5102890814946, 2276.5102890814946, 2297.6467021438707, 2297.6467021438707, 1
1, 5387.71, 13.12738888888889, -4.591805555555556e-05, 2275.244052354256, 2275.244052354256, 2291.269681884065, 2291.6421044508998, 1
1, 7003.48, 13.303444444444446, 1.7233194444444445e-05, 2300.815158750944, 2300.92975030997, 2950.979016775646, 2950.979016775646, 1
1, 8143.51, 13.533555555555555, 0.00013279916666666667, 2340.25757336775, 2340.3950832385813, 3433.3922915419453, 3433.3922915419453, 1
2, 5081.72, 13.736444444444444, 0.00017533444444444446, 2378.548342816343, 2378.634286485613, 2360.0991018131303, 2360.2939074634746, 1
2, 5069.15, 13.720666666666666, 0.0001002736111111111, 2377.8321455724295, 2377.837875150381, 2399.9139389967713, 2399.679026300768, 1
2, 5056.76, 13.712861111111112, 4.793694444444445e-05, 2376.726337027827, 2376.726337027827, 2398.601865645922, 2398.498733242798, 1
2, 5044.56, 13.705222222222222, 1.1205666666666667e-05, 2375.3798862092694, 2375.385615787221, 2397.1293641124357, 2397.203848625803, 1
2, 5032.55, 13.697638888888891, -1.4562166666666666e-05, 2374.062083280469, 2374.062083280469, 2395.8287499174885, 2395.8631273851965, 1
2, 5020.71, 13.690055555555556, -3.293527777777778e-05, 2372.744280351668, 2372.744280351668, 2394.52240614459, 2394.5281357225417, 1
2, 3565.74, 13.6825, -4.6584722222222226e-05, 2371.432207000818, 2371.432207000818, 2391.376867849322, 2391.376867849322, 1
1, 5972.65, 13.693694444444445, -5.764138888888889e-05, 2373.0250296712816, 2373.0250296712816, 2395.8459386513423, 2395.8344794954396, 1
1, 5945.89, 13.68625, -6.527083333333333e-05, 2372.0739197313646, 2372.0739197313646, 2393.8749638360923, 2393.857775102239, 1
1, 5919.59, 13.678749999999999, -7.157777777777778e-05, 2370.7847646923206, 2370.7847646923206, 2392.562890485243, 2392.5571609072917, 1
1, 5893.73, 13.671305555555557, -7.67075e-05, 2369.495609653276, 2369.495609653276, 2391.2508171343934, 2391.2508171343934, 1
1, 5868.3, 13.663861111111112, -8.091694444444444e-05, 2368.2007250362803, 2368.2007250362803, 2389.950202939446, 2389.944473361495, 1
1, 5843.3, 13.656444444444446, -8.44075e-05, 2366.9172995751874, 2366.9172995751874, 2388.6495887444994, 2388.6495887444994, 1
1, 5598.94, 13.649055555555556, -8.732444444444444e-05, 2365.6338741140944, 2365.6338741140944, 2381.837120560394, 2381.837120560394, 1
1, 7917.21, 13.777361111111112, -0.00010678555555555557, 2384.2148954101867, 2384.2091658322356, 3322.966135686381, 3322.966135686381, 1
1, 9525.24, 13.95727777777778, -0.00014202305555555556, 2414.828030404027, 2414.816571248124, 4020.141180801567, 4020.141180801567, 1
2, 5959.02, 14.147611111111111, -0.00017323333333333333, 2447.555379661899, 2447.5381909280454, 3020.146481803839, 3019.6709268338805, 1
2, 5932.5, 14.228972222222223, -0.0001658238888888889, 2466.2968291406287, 2466.291099562677, 2497.3797895264756, 2497.2422796556443, 1
2, 5906.42, 14.223194444444445, -0.00018727416666666668, 2465.454581181786, 2465.3113417330037, 2487.6853436328624, 2487.80566476984, 1
2, 5880.78, 14.21613888888889, -0.00012185055555555556, 2463.7471669522965, 2463.833110621566, 2486.49359141899, 2486.522239308747, 1
2, 5855.57, 14.208527777777778, -7.998583333333334e-05, 2462.5611443163752, 2462.566873894327, 2485.210165957897, 2485.1872476460917, 1
2, 5830.78, 14.200694444444446, -6.105388888888889e-05, 2461.231882231672, 2461.231882231672, 2483.8465264054857, 2483.835067249583, 1
2, 3692.97, 14.192638888888888, -5.250805555555556e-05, 2459.851053945407, 2459.8453243674558, 2478.632610469795, 2478.626880891844, 1
1, 6186.74, 14.203083333333336, -4.870083333333333e-05, 2461.3292850568446, 2461.3292850568446, 2484.9580645280394, 2484.969523683942, 1
1, 6156.31, 14.194583333333332, -4.872666666666667e-05, 2460.194828622485, 2460.194828622485, 2482.798013640396, 2482.8152023742505, 1
1, 6126.41, 14.185722222222223, -4.9628333333333334e-05, 2458.6822200433403, 2458.6822200433403, 2481.268216327397, 2481.2739459053482, 1
1, 6097.03, 14.176583333333333, -5.110361111111112e-05, 2457.10658610673, 2457.10658610673, 2479.6753936569335, 2479.6811232348846, 1
1, 6068.16, 14.167, -7.563833333333333e-05, 2455.4507380788023, 2455.427819766997, 2477.7330667314395, 2477.7216075755373, 1
1, 6039.78, 14.156694444444446, -3.9301944444444446e-05, 2453.691757647751, 2453.668839335945, 2476.8163342592306, 2475.5042609083807, 1
1, 5800.44, 14.1465, -2.1256500000000002e-05, 2451.904129326942, 2451.9213180607962, 2467.752141940261, 2468.4855279180283, 1
1, 7764.3, 14.301805555555555, 4.809361111111111e-06, 2474.2380241811416, 2474.2895903827034, 3266.071426629891, 3266.071426629891, 1
1, 9168.19, 14.505305555555555, 4.310527777777778e-05, 2509.148342638463, 2509.1941792620732, 3869.5449539293813, 3869.5449539293813, 1
2, 5726.59, 14.704944444444445, 3.287555555555556e-05, 2543.9899061603683, 2544.001365316271, 2803.7804296285863, 2806.1925819460866, 1
2, 5703.93, 14.731750000000002, 1.7624361111111112e-05, 2553.2087970840234, 2553.2317153958284, 2573.6805791040474, 2574.1504044960548, 1
2, 5681.63, 14.721194444444444, 1.6018750000000002e-06, 2551.512842010436, 2551.5243011663383, 2574.7233622911854, 2575.141621481631, 1
2, 5659.69, 14.711111111111112, -1.3031055555555556e-05, 2549.771050313238, 2549.7767798911896, 2573.1362691986733, 2573.205024134089, 1
2, 5638.11, 14.701055555555556, -2.5469805555555556e-05, 2548.0235290380892, 2548.0235290380892, 2571.423125391232, 2571.4173958132806, 1
2, 5616.88, 14.691027777777778, -3.587833333333333e-05, 2546.2817373408916, 2546.2817373408916, 2569.669874538132, 2569.6641449601802, 1
2, 3822.13, 14.681027777777778, -4.449861111111111e-05, 2544.545675221645, 2544.545675221645, 2564.650764252786, 2564.650764252786, 1
1, 6395.45, 14.690444444444443, -5.2012500000000004e-05, 2545.8577485724945, 2545.8577485724945, 2570.380342204094, 2570.414719671802, 1
1, 6361.44, 14.680611111111112, -5.761527777777778e-05, 2544.471190708278, 2544.471190708278, 2567.853598327567, 2567.859327905518, 1
1, 6328.0, 14.670694444444445, -6.221222222222222e-05, 2542.7523173228856, 2542.7523173228856, 2566.123265786272, 2566.123265786272, 1
1, 6295.12, 14.660805555555557, -6.600083333333333e-05, 2541.0391735154444, 2541.0391735154444, 2564.392933244977, 2564.392933244977, 1
1, 6262.79, 14.650944444444445, -6.903694444444445e-05, 2539.3317592859544, 2539.3317592859544, 2562.6683302816327, 2562.6683302816327, 1
1, 6231.03, 14.641111111111112, -7.135805555555556e-05, 2537.630074634416, 2537.630074634416, 2560.9437273182893, 2560.9437273182893, 1
1, 5996.88, 14.631305555555556, -7.301555555555556e-05, 2535.9283899828774, 2535.9283899828774, 2552.2290392543496, 2552.2290392543496, 1
1, 8402.6, 14.757055555555556, -8.04438888888889e-05, 2553.839050658667, 2553.839050658667, 3527.7756291338455, 3527.7756291338455, 1
2, 5292.94, 14.923333333333334, -0.00014535333333333332, 2573.4972326096054, 2576.178675090818, 2672.10326915162, 2679.9012247433507, 1
2, 5277.11, 14.921194444444444, -7.037083333333333e-05, 2588.2910028798833, 2585.7298815356485, 2608.258582040193, 2611.6390330314644, 1
2, 5261.53, 14.9115, -4.985555555555556e-05, 2584.5896955233384, 2584.366241983237, 2607.966373564676, 2608.436198956683, 1
2, 5246.18, 14.901416666666668, -3.692888888888889e-05, 2582.7333122671143, 2582.710393955309, 2606.568356544557, 2606.333443848553, 1
2, 5231.07, 14.89113888888889, -3.060694444444445e-05, 2580.9571431022086, 2580.951413524258, 2604.723432444235, 2604.603111307258, 1
2, 5216.19, 14.88063888888889, -2.845e-05, 2579.146596469596, 2579.146596469596, 2602.849860454158, 2602.821212564401, 1
2, 3874.35, 14.86988888888889, -2.8520833333333337e-05, 2577.295942791323, 2577.295942791323, 2598.678727705605, 2598.672998127654, 1
1, 6477.51, 14.878805555555555, -2.9470833333333336e-05, 2578.504883739049, 2578.5106133170007, 2603.34260415797, 2603.3655224697754, 1
1, 6442.12, 14.867527777777779, -2.278013888888889e-05, 2576.917790646537, 2576.917790646537, 2601.199742004181, 2601.1940124262296, 1
1, 6407.33, 14.85577777777778, -5.6922500000000004e-06, 2574.9009792076763, 2574.9009792076763, 2598.4610037434554, 2598.7990488425826, 1
1, 6373.13, 14.843694444444445, 4.019583333333334e-06, 2572.7982240995457, 2572.7924945215946, 2596.42127399279, 2596.3009528558123, 1
1, 6339.49, 14.83163888888889, 7.364888888888889e-06, 2570.701198569367, 2570.695468991416, 2594.3357076185134, 2594.198197747682, 1
1, 6306.42, 14.81963888888889, 6.478277777777778e-06, 2568.615632195091, 2568.615632195091, 2592.187115886773, 2592.181386308822, 1
1, 6068.23, 14.807694444444444, 3.3155000000000003e-06, 2566.5472545546686, 2566.5472545546686, 2582.819255936384, 2582.8307150922865, 1
1, 8417.42, 14.93663888888889, -2.3003666666666668e-05, 2584.8647152650015, 2584.847526531147, 3535.166784691033, 3535.166784691033, 1
2, 5298.04, 15.099250000000001, -9.314722222222223e-05, 2613.993889569452, 2613.948052945842, 2678.5375851909394, 2680.537207895946, 1
2, 5282.14, 15.09163888888889, -7.278472222222223e-05, 2615.982053118556, 2615.982053118556, 2639.794179084193, 2639.9431481109273, 1
2, 5266.48, 15.079833333333333, -5.7835000000000004e-05, 2613.7245994057407, 2613.7188698277896, 2637.7544493335276, 2637.6398577745013, 1
2, 5251.06, 15.067972222222224, -4.927055555555556e-05, 2611.6619513432697, 2611.6562217653186, 2635.6574238033486, 2635.6115871797383, 1
2, 5235.87, 15.05613888888889, -4.532944444444445e-05, 2609.60503285875, 2609.60503285875, 2633.577587007024, 2633.566127851121, 1
2, 5220.92, 15.044333333333332, -4.4293611111111115e-05, 2607.5538439521815, 2607.5538439521815, 2631.509209366601, 2631.5034797886506, 1
2, 3916.8, 15.032555555555556, -4.4979166666666664e-05, 2605.5141142015163, 2605.5141142015163, 2627.1432709677047, 2627.1432709677047, 1
1, 6546.74, 15.040861111111113, -4.694611111111112e-05, 2606.631381902021, 2606.631381902021, 2631.7383924846536, 2631.761310796459, 1
1, 6510.19, 15.029250000000001, -4.8626111111111114e-05, 2604.941156406385, 2604.941156406385, 2628.8850626649023, 2628.8850626649023, 1
1, 6474.25, 15.017583333333333, -5.041055555555556e-05, 2602.9128858116223, 2602.9128858116223, 2626.845332914236, 2626.845332914236, 1
1, 6438.92, 15.005916666666666, -5.203111111111111e-05, 2600.8960743727616, 2600.8960743727616, 2624.811332741522, 2624.811332741522, 1
1, 6404.19, 14.994305555555556, -5.3301388888888895e-05, 2598.8849925118525, 2598.8849925118525, 2622.7773325688077, 2622.7773325688077, 1
1, 6370.03, 14.982750000000001, -5.417305555555556e-05, 2596.8796402288945, 2596.8796402288945, 2620.7490619740443, 2620.7490619740443, 1
1, 6134.61, 14.971555555555556, -4.695361111111111e-05, 2595.378490805652, 2595.378490805652, 2611.2265034189704, 2611.2265034189704, 1
1, 8574.0, 15.095472222222222, 5.867694444444444e-05, 2613.0427796295353, 2613.1000754090483, 3600.329274731262, 3600.329274731262, 1
2, 5394.08, 15.258750000000001, 0.00041653611111111115, 2641.874015880518, 2642.1031989985704, 2749.2233883762287, 2737.6267226027812, 1
2, 5376.7, 15.25738888888889, 0.00028261666666666666, 2644.7445344341236, 2644.721616122318, 2669.5994435868984, 2667.3305307181804, 1
2, 5359.59, 15.245527777777777, 0.00017885111111111112, 2642.412596207941, 2642.4240553638438, 2666.5398489609, 2666.7919503907574, 1
2, 5342.75, 15.233472222222222, 0.00011035416666666667, 2640.3327594116163, 2640.344218567519, 2664.431364274819, 2664.735031906238, 1
2, 5326.16, 15.221277777777777, 6.607916666666666e-05, 2638.230004303486, 2638.230004303486, 2662.414552835958, 2662.5004965052276, 1
2, 5309.83, 15.20888888888889, 3.7033055555555554e-05, 2636.092871727648, 2636.092871727648, 2660.3003385719253, 2660.311797727828, 1
2, 3960.3, 15.196111111111113, 3.2205e-05, 2633.892713794346, 2633.892713794346, 2656.42141429889, 2656.409955142987, 1
1, 6616.45, 15.20213888888889, -7.342555555555556e-06, 2635.2620829247085, 2635.296460392416, 2660.237313214461, 2671.071945120385, 1
1, 6578.71, 15.189916666666667, 2.0228333333333334e-05, 2632.9645221662336, 2632.781175671792, 2662.2999612769318, 2651.5340843064237, 1
1, 6541.62, 15.176555555555556, 3.4701111111111114e-05, 2630.5409106928305, 2630.477885335366, 2657.057397451485, 2652.1987153487753, 1
1, 6505.15, 15.16325, 3.0208333333333334e-05, 2628.191783732794, 2628.203242888697, 2652.296118173948, 2652.3476843755097, 1
1, 6469.3, 15.15, 2.234055555555556e-05, 2625.8999525522704, 2625.905682130222, 2649.8725067005444, 2650.187633487866, 1
1, 6434.05, 15.136833333333335, 1.5467416666666667e-05, 2623.6138509496986, 2623.6195805276498, 2647.7009966569985, 2647.781210748317, 1
1, 6196.33, 15.123694444444446, 9.059916666666668e-06, 2621.339208503029, 2621.339208503029, 2637.674235242209, 2637.6856943981115, 1
1, 8655.22, 15.244333333333335, -1.686066666666667e-05, 2638.321677550707, 2638.2987592389018, 3636.024545367912, 3636.024545367912, 1
2, 5445.16, 15.404555555555557, -8.254861111111112e-05, 2666.5341193829486, 2666.4940123372894, 2784.168084301258, 2786.3224056109498, 1
2, 5426.99, 15.404416666666668, -6.704027777777777e-05, 2670.1666718040783, 2670.1724013820294, 2693.7209667619063, 2694.1506851082545, 1
2, 5409.1, 15.391194444444444, -5.312638888888889e-05, 2667.7201420188694, 2667.7144124409183, 2692.173980715053, 2692.2198173386637, 1
2, 5391.48, 15.378083333333334, -4.436833333333334e-05, 2665.4397699942488, 2665.4397699942488, 2689.916527002237, 2689.899338268384, 1
2, 5374.14, 15.364972222222223, -3.9640833333333335e-05, 2663.1651275475797, 2663.1651275475797, 2687.6246958217143, 2687.618966243763, 1
2, 5357.07, 15.351916666666668, -3.761416666666667e-05, 2660.8962146788613, 2660.8962146788613, 2685.3385942191426, 2685.3385942191426, 1
2, 3995.82, 15.338888888888889, -3.7107500000000003e-05, 2658.6330313880944, 2658.6330313880944, 2680.4340754928226, 2680.428345914871, 1
1, 6676.65, 15.346166666666667, -3.764027777777778e-05, 2659.5956004839145, 2659.5956004839145, 2685.201084348311, 2685.2125435042135, 1
1, 6637.89, 15.333333333333334, -3.816944444444444e-05, 2657.676191870226, 2657.676191870226, 2682.1128418325557, 2682.1128418325557, 1
1, 6599.78, 15.320416666666668, -3.870944444444445e-05, 2655.4359268912644, 2655.4359268912644, 2679.8553881197404, 2679.8553881197404, 1
1, 6562.33, 15.307555555555556, -3.896277777777778e-05, 2653.2013914902545, 2653.2013914902545, 2677.603663984876, 2677.603663984876, 1
1, 6525.51, 15.2955, -2.375988888888889e-05, 2651.5111659946183, 2651.8893181394046, 2675.4665314090385, 2675.460801831087, 1
1, 6489.31, 15.283027777777779, -6.001444444444445e-06, 2648.950044650384, 2648.9786925401404, 2673.312210099346, 2673.312210099346, 1
1, 6255.78, 15.270416666666668, 2.1718444444444445e-06, 2646.721238827325, 2646.721238827325, 2663.1192909239694, 2663.1192909239694, 1
1, 8696.29, 15.393277777777778, 6.109861111111111e-05, 2664.3568797614516, 2664.4199051189157, 3654.806101892301, 3654.806101892301, 1
2, 5469.02, 15.55563888888889, 0.00020217138888888888, 2692.9818512061875, 2693.0735244534085, 2793.8739893507745, 2789.7200453360756, 1
2, 5450.47, 15.552194444444446, 0.00014622500000000002, 2695.8409106038903, 2695.8409106038903, 2720.460907060662, 2719.6759548813325, 1
2, 5432.21, 15.538944444444445, 9.728972222222222e-05, 2693.3198963053146, 2693.3256258832657, 2718.0029181195505, 2718.0544843211123, 1
2, 5414.24, 15.525555555555558, 9.130694444444446e-06, 2691.0108763909375, 2691.0108763909375, 2715.762653140589, 2715.7168165169787, 1
2, 5396.55, 15.511888888888889, 2.789861111111111e-05, 2688.6273719631936, 2688.6044536513878, 2713.190072640452, 2712.7718134500064, 1
2, 5379.13, 15.497527777777778, 3.5356666666666666e-05, 2686.175112600033, 2686.1579238661793, 2711.4941175668646, 2710.0445343451834, 1
2, 4033.28, 15.483305555555555, 3.5975e-05, 2683.694205347117, 2683.699934925068, 2705.4207649384775, 2705.7759987714585, 1
1, 6738.43, 15.489777777777778, 3.282361111111111e-05, 2684.307270187907, 2684.312999765858, 2709.179368074536, 2709.4028216146367, 1
1, 6698.61, 15.475555555555557, 2.8625e-05, 2682.3534841065107, 2682.3534841065107, 2706.9620214073793, 2707.0307763427954, 1
1, 6659.46, 15.461527777777777, 2.403186111111111e-05, 2679.9126838992534, 2679.9126838992534, 2704.549869089879, 2704.561328245781, 1
1, 6620.99, 15.447555555555555, 1.910327777777778e-05, 2677.4890724258503, 2677.4890724258503, 2702.120528038524, 2702.1262576164754, 1
1, 6583.17, 15.433611111111112, 1.3954944444444445e-05, 2675.071190530398, 2675.071190530398, 2699.691186987169, 2699.691186987169, 1
1, 6546.0, 15.419694444444445, 8.720916666666667e-06, 2672.6647677908486, 2672.6647677908486, 2697.2618459358146, 2697.2618459358146, 1
1, 6310.66, 15.405833333333334, 3.5501944444444446e-06, 2670.258345051299, 2670.258345051299, 2686.6392084140894, 2686.6392084140894, 1
1, 8780.19, 15.525416666666667, -1.4860194444444444e-05, 2687.0001718250214, 2686.982983091168, 3690.8394176280776, 3690.8394176280776, 1
2, 5522.0, 15.685277777777777, -5.9153888888888894e-05, 2715.1094812541396, 2715.0865629423347, 2834.840471702628, 2836.043683072403, 1
2, 5502.62, 15.68452777777778, -5.029138888888889e-05, 2718.719115363464, 2718.719115363464, 2742.811990648715, 2743.0526329226705, 1
2, 5483.54, 15.670555555555557, -4.141027777777778e-05, 2716.152264441278, 2716.152264441278, 2741.0530102176635, 2741.0873876853716, 1
2, 5464.77, 15.656666666666666, -3.545e-05, 2713.7458417017283, 2713.7458417017283, 2738.658046634017, 2738.6523170560654, 1
2, 5446.28, 15.642833333333334, -3.1940555555555555e-05, 2711.339418962179, 2711.339418962179, 2736.2401647385645, 2736.2401647385645, 1
2, 5428.09, 15.629027777777779, -3.0066944444444444e-05, 2708.938725800581, 2708.938725800581, 2733.828012421064, 2733.828012421064, 1
2, 4067.46, 15.615250000000001, -2.9064722222222224e-05, 2706.5494917948854, 2706.5494917948854, 2728.6198260633246, 2728.6198260633246, 1
1, 6794.02, 15.622055555555557, -2.845388888888889e-05, 2707.4433059552894, 2707.449035533241, 2733.4899673219365, 2733.495696899888, 1
1, 6753.23, 15.609194444444446, -5.923583333333333e-05, 2706.555221372837, 2706.9047256278664, 2730.3501586046195, 2730.3730769164254, 1
1, 6713.14, 15.59613888888889, -2.624838888888889e-05, 2703.2549844728833, 2703.2034182713214, 2728.0927048918043, 2728.109893625658, 1
1, 6673.75, 15.582861111111113, -7.078055555555555e-06, 2700.888668778993, 2700.8829392010416, 2725.7722258215244, 2725.7722258215244, 1
1, 6635.03, 15.5695, 2.57045e-06, 2698.585378442567, 2698.585378442567, 2723.440287595342, 2723.440287595342, 1
1, 6596.98, 15.556083333333333, 7.133944444444444e-06, 2696.2706289502385, 2696.2706289502385, 2721.096890213257, 2721.0911606353056, 1
1, 6366.08, 15.542611111111112, 8.791694444444445e-06, 2693.944420302007, 2693.944420302007, 2710.3482019766025, 2710.3482019766025, 1
1, 8811.94, 15.66463888888889, 3.047666666666667e-05, 2711.1045062661756, 2711.127424577981, 3705.1117963047864, 3705.1117963047864, 1
2, 5539.07, 15.819861111111113, 8.902333333333334e-05, 2739.5862382621285, 2739.620615729836, 2867.2297758613736, 2865.3390151374415, 1
2, 5519.42, 15.826055555555556, 0.00011846416666666667, 2742.2848694771947, 2742.17600749612, 2748.146227721383, 2737.48921273195, 1
2, 5500.08, 15.807305555555557, 0.0001096875, 2739.7925030683755, 2739.7695847565706, 2767.0022687591386, 2762.6707078279496, 1
2, 5481.04, 15.792666666666667, 8.292861111111111e-05, 2737.3001366595568, 2737.374621172924, 2759.261608946921, 2765.5469559595062, 1
2, 5462.31, 15.778111111111112, 5.8453611111111114e-05, 2734.796311094835, 2734.8134998286887, 2758.808972288768, 2760.928916130752, 1
2, 5443.86, 15.76363888888889, 4.6089166666666666e-05, 2732.2982151080646, 2732.281026374211, 2757.582842607188, 2757.1359355269856, 1
2, 4102.32, 15.74925, 3.747638888888889e-05, 2729.794389543343, 2729.7886599653916, 2752.1626618652504, 2751.8761829676846, 1
1, 6851.04, 15.755583333333334, 2.9504166666666668e-05, 2730.590800878575, 2730.5850713006234, 2756.855186207372, 2756.8781045191768, 1
1, 6809.27, 15.741388888888888, 2.2776416666666668e-05, 2728.4307499909314, 2728.4307499909314, 2753.532030995613, 2753.5377605735644, 1
1, 6768.22, 15.72713888888889, 1.6625972222222224e-05, 2725.9555723159665, 2725.9555723159665, 2751.0511237426963, 2751.0511237426963, 1
1, 6727.88, 15.712916666666667, 1.0978444444444445e-05, 2723.491853796904, 2723.491853796904, 2748.5587573338776, 2748.5644869118287, 1
1, 6688.23, 15.698722222222223, 5.759305555555556e-06, 2721.0338648557927, 2721.0338648557927, 2746.077850080961, 2746.077850080961, 1
1, 6649.26, 15.684555555555555, 9.909277777777778e-07, 2718.575875914681, 2718.575875914681, 2743.596942828044, 2743.596942828044, 1
1, 6417.86, 15.670444444444446, -3.207472222222222e-06, 2716.123616551521, 2716.123616551521, 2732.527398226117, 2732.527398226117, 1
1, 8877.6, 15.790805555555556, -1.366063888888889e-05, 2732.917009526806, 2732.9055503709033, 3733.1007845969275, 3733.1007845969275, 1
2, 5579.35, 15.951194444444447, -3.600111111111111e-05, 2761.1810175606092, 2761.1695584047065, 2870.9138944840647, 2871.377990298121, 1
2, 5559.05, 15.948361111111112, -3.149361111111111e-05, 2764.4583361487576, 2764.4583361487576, 2789.1528171188966, 2789.244490366117, 1
2, 5539.08, 15.934166666666668, -2.719088888888889e-05, 2761.8513781809124, 2761.8513781809124, 2787.181842303646, 2787.1875718815977, 1
2, 5519.43, 15.920055555555555, -2.410263888888889e-05, 2759.3991188177524, 2759.3991188177524, 2784.729582940486, 2784.723853362535, 1
2, 5500.09, 15.906055555555557, -1.9963833333333334e-05, 2757.004155234106, 2757.004155234106, 2782.271593999375, 2782.271593999375, 1
2, 5482.77, 15.894333333333334, -4.7832777777777784e-06, 2754.5461662929943, 2754.740971943339, 2780.19175720305, 2780.1802980471475, 1
2, 5465.7, 15.882, 8.322305555555556e-06, 2752.7814562839912, 2752.792915439894, 2778.0775429390173, 2778.0775429390173, 1
1, 6516.65, 15.869027777777779, 1.4748416666666666e-05, 2750.4953546814195, 2750.4953546814195, 2775.785711758494, 2775.7914413364456, 1
1, 6483.86, 15.85675, 1.7698861111111113e-05, 2748.3754108394355, 2748.3754108394355, 2773.6944158062665, 2773.6944158062665, 1
1, 6451.57, 15.8445, 1.854077777777778e-05, 2746.2611965754027, 2746.2611965754027, 2771.551553652477, 2771.551553652477, 1
1, 6419.77, 15.83225, 1.8149611111111112e-05, 2744.1412527334187, 2744.1412527334187, 2769.4029619207367, 2769.4029619207367, 1
1, 6388.46, 15.819972222222223, 1.6968694444444445e-05, 2742.0213088914347, 2742.0213088914347, 2767.2600997669474, 2767.2600997669474, 1
1, 6357.63, 15.807694444444445, 1.543388888888889e-05, 2739.9013650494508, 2739.9013650494508, 2765.111508035207, 2765.111508035207, 1
1, 6327.27, 15.794972222222222, 3.0931111111111115e-05, 2737.7126662720507, 2737.7126662720507, 2764.504172772368, 2764.4984431944167, 1
1, 6457.35, 15.781944444444445, 3.9745e-05, 2735.541156228505, 2735.5354266505537, 2743.379218865895, 2743.276086462771, 1
1, 8470.19, 15.909777777777778, 4.6726388888888885e-05, 2752.821563329651, 2752.8387520635047, 3563.677164576743, 3563.677164576743, 1
2, 5309.02, 16.05666666666667, 5.0473888888888896e-05, 2781.9564672120528, 2781.973655945907, 2774.954922955554, 2774.9606525335057, 1
2, 5294.4, 16.037472222222224, 4.5433611111111114e-05, 2779.933926195241, 2779.933926195241, 2806.2384185696974, 2806.2613368815023, 1
2, 5279.98, 16.024611111111113, 3.954027777777778e-05, 2777.5332330336432, 2777.5332330336432, 2802.9496408256464, 2802.961099981549, 1
2, 5265.77, 16.01163888888889, 3.3821944444444445e-05, 2775.281508898779, 2775.281508898779, 2800.73229415849, 2800.73229415849, 1
2, 5251.75, 15.998722222222222, 2.8539444444444446e-05, 2773.035514341866, 2773.029784763915, 2798.492029179529, 2798.492029179529, 1
2, 5237.92, 15.985833333333334, 2.362577777777778e-05, 2770.7952493629045, 2770.7952493629045, 2796.2460346226158, 2796.2460346226158, 1
2, 5224.29, 15.972972222222221, 1.899897222222222e-05, 2768.5607139618946, 2768.5607139618946, 2794.0057696436543, 2794.0057696436543, 1
1, 6568.5, 15.959555555555557, 1.4610583333333334e-05, 2766.30898982703, 2766.30898982703, 2791.4503778773706, 2791.4446482994194, 1
1, 6534.91, 15.946777777777779, 1.0430805555555556e-05, 2764.0171586465067, 2764.0171586465067, 2789.4679439062184, 2789.4679439062184, 1
1, 6501.83, 15.934055555555556, 6.4373055555555555e-06, 2761.8112711352533, 2761.8112711352533, 2787.233408505208, 2787.233408505208, 1
1, 6469.27, 15.921333333333335, 2.7716166666666666e-06, 2759.611113201951, 2759.611113201951, 2785.0103322601003, 2785.0103322601003, 1
1, 6437.2, 15.90863888888889, -5.215416666666667e-07, 2757.4109552686486, 2757.4109552686486, 2782.787256014993, 2782.787256014993, 1
1, 6405.63, 15.895972222222222, -3.4235555555555553e-06, 2755.2165269132975, 2755.2165269132975, 2780.5641797698854, 2780.5641797698854, 1
1, 6374.53, 15.883333333333335, -5.923222222222222e-06, 2753.0220985579467, 2753.0220985579467, 2778.35256268068, 2778.35256268068, 1
1, 6343.91, 15.870722222222224, -8.001916666666667e-06, 2750.839129358498, 2750.839129358498, 2776.1466751694265, 2776.1466751694265, 1
1, 6483.98, 15.847777777777779, -9.641055555555556e-06, 2747.3956530097616, 2747.3956530097616, 2752.105366085737, 2752.122554819591, 1
1, 8793.39, 15.951694444444446, -7.241972222222222e-06, 2760.8888090850924, 2760.894538663044, 3696.477322332165, 3696.477322332165, 1
2, 5532.25, 16.097361111111113, 1.6763805555555556e-06, 2785.881228108699, 2785.8869576866505, 2930.67339251621, 2930.1691896564944, 1
2, 5514.47, 16.10325, 1.379102777777778e-05, 2788.2303550687357, 2788.0985747758555, 2815.560441896476, 2815.560441896476, 1
2, 5496.94, 16.090666666666667, 1.9717972222222224e-05, 2788.980929780357, 2788.99238893626, 2814.540577021143, 2814.5463065990944, 1
2, 5479.67, 16.078694444444444, 2.1614138888888888e-05, 2786.843797204519, 2786.843797204519, 2812.443551490964, 2812.4492810689153, 1
2, 5462.64, 16.06675, 2.201275e-05, 2784.7696899861453, 2784.7696899861453, 2810.3637146946394, 2810.3694442725905, 1
2, 5445.86, 16.054861111111112, 2.140552777777778e-05, 2782.712771501626, 2782.712771501626, 2808.2896074762657, 2808.2896074762657, 1
2, 5429.32, 16.043027777777777, 2.020225e-05, 2780.6615825950576, 2780.6615825950576, 2806.2212298358436, 2806.2212298358436, 1
1, 6596.63, 16.0305, 1.8589194444444444e-05, 2778.5817457987323, 2778.5817457987323, 2803.7747000506347, 2803.7804296285863, 1
1, 6562.6, 16.01877777777778, 1.686811111111111e-05, 2776.4618019567483, 2776.4618019567483, 2802.0214491975344, 2802.0214491975344, 1
1, 6529.1, 16.006583333333335, 3.2816111111111115e-05, 2774.370506004521, 2774.370506004521, 2801.6318378968454, 2801.6318378968454, 1
1, 6496.12, 15.99463888888889, 3.960722222222222e-05, 2772.30785794205, 2772.296398786147, 2797.913341806446, 2797.7299953120046, 1
1, 6463.64, 15.98225, 4.10675e-05, 2770.164995788261, 2770.1592662103094, 2795.5871331582152, 2795.5814035802637, 1
1, 6431.66, 15.969888888888889, 3.931666666666667e-05, 2768.0221336344716, 2768.0221336344716, 2793.4213526926205, 2793.4328118485237, 1
1, 6400.17, 15.957555555555556, 3.621722222222223e-05, 2765.8850010586334, 2765.879271480682, 2791.2727609608805, 2791.2784905388316, 1
1, 6369.16, 15.945277777777779, 3.247694444444445e-05, 2763.7478684827956, 2763.7478684827956, 2789.1356283850423, 2789.1356283850423, 1
1, 6516.56, 15.92227777777778, 2.8755555555555557e-05, 2760.304392134059, 2760.304392134059, 2766.04542924127, 2766.0167813515136, 1
1, 8773.3, 16.031055555555554, 1.1712305555555556e-05, 2774.502286297401, 2774.4850975635472, 3689.0575188852213, 3689.0575188852213, 1
2, 5516.17, 16.178333333333335, -3.387027777777778e-05, 2800.51457019634, 2800.4801927286326, 2913.0091036923263, 2914.791002435183, 1
2, 5498.62, 16.178083333333333, -2.5752944444444444e-05, 2804.0497197922978, 2804.0497197922978, 2828.595231735702, 2828.8244148537547, 1
2, 5481.32, 16.16563888888889, -1.807138888888889e-05, 2801.9641534180214, 2801.9641534180214, 2827.6613105296387, 2827.6784992634925, 1
2, 5464.27, 16.153416666666665, -1.2900666666666668e-05, 2799.838479998086, 2799.838479998086, 2825.5413666876548, 2825.529907531752, 1
2, 5447.47, 16.14125, -9.905555555555557e-06, 2797.718536156102, 2797.718536156102, 2823.409963689768, 2823.409963689768, 1
2, 5430.9, 16.129083333333334, -8.575611111111112e-06, 2795.604321892069, 2795.604321892069, 2821.290019847784, 2821.2842902698326, 1
2, 5414.57, 16.116944444444446, -8.2925e-06, 2793.5015667839393, 2793.5015667839393, 2819.1643464278486, 2819.1643464278486, 1
1, 6626.71, 16.104111111111113, -8.65386111111111e-06, 2791.364434208101, 2791.364434208101, 2816.620413817468, 2816.620413817468, 1
1, 6592.21, 16.092083333333335, -9.343027777777777e-06, 2789.1814650086526, 2789.1814650086526, 2814.855703808465, 2814.855703808465, 1
1, 6558.26, 16.080055555555557, -1.0143972222222223e-05, 2787.101628212328, 2787.101628212328, 2812.7472191223837, 2812.741489544432, 1
1, 6524.82, 16.068083333333334, -1.0851777777777779e-05, 2785.021791416003, 2785.021791416003, 2810.644464014253, 2810.644464014253, 1
1, 6491.9, 16.05611111111111, -1.1354694444444445e-05, 2782.9534137755804, 2782.9534137755804, 2808.553168062026, 2808.553168062026, 1
1, 6459.49, 16.044555555555554, -5.722055555555556e-06, 2781.452264352338, 2781.452264352338, 2806.490519999555, 2806.490519999555, 1
1, 6427.57, 16.03375, 4.41075e-06, 2778.7593627152232, 2778.6562303120995, 2804.6112184315257, 2804.605488853574, 1
1, 6396.14, 16.022555555555556, 1.2017777777777778e-05, 2777.0977851093435, 2777.103514687295, 2802.6574323501295, 2802.6517027721784, 1
1, 6545.04, 16.00088888888889, 1.4908611111111112e-05, 2773.8261960991467, 2773.8261960991467, 2777.9629513799914, 2778.0431654713093, 1
1, 8857.31, 16.10613888888889, 4.5992500000000004e-05, 2787.783447988533, 2787.8178254562413, 3724.0423218559085, 3724.0423218559085, 1
2, 5570.74, 16.253138888888888, 0.00011898944444444445, 2813.5092529899075, 2813.5608191914694, 2958.994696329526, 2956.3017946924115, 1
2, 5552.4, 16.259444444444444, 9.784111111111112e-05, 2818.0298899934896, 2818.0356195714407, 2842.930635769875, 2842.827503366752, 1
2, 5534.33, 16.248361111111112, 7.341416666666667e-05, 2816.2537208285844, 2816.2594504065355, 2842.071199077179, 2842.111306122838, 1
2, 5516.52, 16.23752777777778, 5.857638888888889e-05, 2814.374419260555, 2814.380148838506, 2840.3924327374457, 2840.4439989390075, 1
2, 5498.96, 16.226444444444446, 6.806861111111111e-05, 2812.437821913013, 2812.443551490964, 2839.6246692919703, 2839.9627143910975, 1
2, 5481.66, 16.215305555555556, 6.115055555555556e-05, 2810.524142877276, 2810.529872455227, 2836.2098408329907, 2836.3301619699682, 1
2, 5464.61, 16.203916666666668, 5.247083333333334e-05, 2808.553168062026, 2808.553168062026, 2834.2789730634, 2834.32480968701, 1
1, 6662.43, 16.191694444444447, 4.416694444444445e-05, 2806.542086201117, 2806.542086201117, 2832.2507024686365, 2832.256432046588, 1
1, 6627.38, 16.18047222222222, 3.673888888888889e-05, 2804.485167716597, 2804.485167716597, 2830.2568093415816, 2830.25107976363, 1
1, 6592.88, 16.169222222222224, 3.029777777777778e-05, 2802.537111213152, 2802.537111213152, 2828.2858345263317, 2828.28010494838, 1
1, 6558.91, 16.158, 2.4620444444444448e-05, 2800.5890547097074, 2800.5890547097074, 2826.3320484449355, 2826.326318866984, 1
1, 6525.46, 16.146805555555556, 1.9531694444444444e-05, 2798.6524573621655, 2798.6524573621655, 2824.3782623635393, 2824.3782623635393, 1
1, 6492.53, 16.135638888888888, 1.4837833333333334e-05, 2796.721589592574, 2796.721589592574, 2822.4302058600942, 2822.435935438046, 1
1, 6460.11, 16.12452777777778, 1.0460611111111112e-05, 2794.7907218229834, 2794.7907218229834, 2820.4936085125523, 2820.4878789346008, 1
1, 6428.18, 16.113444444444447, 6.407500000000001e-06, 2792.8713132092953, 2792.8713132092953, 2818.5512815870584, 2818.5512815870584, 1
1, 6580.91, 16.09163888888889, 2.745538888888889e-06, 2789.6684791345137, 2789.6684791345137, 2793.220817464325, 2793.2150878863736, 1
1, 8901.52, 16.196194444444444, -6.333e-06, 2803.207471833455, 2803.201742255504, 3742.9155516275187, 3742.9155516275187, 1
2, 5598.17, 16.342222222222222, -2.793972222222222e-05, 2828.7155528726794, 2828.6983641388256, 2980.331644620198, 2981.116596799527, 1
2, 5579.44, 16.349583333333335, -2.619625e-05, 2833.608612443097, 2833.608612443097, 2858.7901075390964, 2858.818755428853, 1
2, 5560.98, 16.33827777777778, -2.3234638888888887e-05, 2831.8610911679475, 2831.8610911679475, 2857.827538443277, 2857.816079287374, 1
2, 5542.78, 16.327222222222222, -2.1006916666666667e-05, 2829.9302233983567, 2829.9302233983567, 2855.8966706736855, 2855.8909410957344, 1
2, 5524.85, 16.316194444444445, -1.9487e-05, 2828.0165443626197, 2828.0165443626197, 2853.9715324820463, 2853.9715324820463, 1
2, 5507.17, 16.305194444444446, -1.853330555555556e-05, 2826.102865326883, 2826.102865326883, 2852.052123868358, 2852.052123868358, 1
2, 5489.75, 16.29425, -1.7832972222222225e-05, 2824.200645447049, 2824.200645447049, 2850.138444832621, 2850.138444832621, 1
1, 6699.19, 16.28338888888889, -7.987027777777779e-06, 2823.7881158345544, 2823.7881158345544, 2847.7835882946333, 2847.7893178725844, 1
1, 6663.57, 16.273611111111112, 2.4586916666666666e-07, 2820.568093025919, 2820.5910113377245, 2846.5402698791995, 2846.528810723297, 1
1, 6628.5, 16.263666666666666, 5.349527777777778e-06, 2818.8606787964295, 2818.8606787964295, 2844.787019026099, 2844.787019026099, 1
1, 6593.98, 16.253833333333336, 7.547444444444445e-06, 2817.1532645669395, 2817.1532645669395, 2843.0624160627553, 2843.0624160627553, 1
1, 6559.99, 16.24416666666667, 8.00563888888889e-06, 2815.468768649255, 2815.474498227206, 2841.366460989168, 2841.366460989168, 1
1, 6526.53, 16.23461111111111, 7.465472222222223e-06, 2813.812920621327, 2813.812920621327, 2839.687694649435, 2839.687694649435, 1
1, 6493.59, 16.225194444444444, 6.351611111111112e-06, 2812.185720483155, 2812.185720483155, 2838.037576199458, 2838.037576199458, 1
1, 6461.15, 16.21591666666667, 4.965805555555556e-06, 2810.575709078838, 2810.575709078838, 2836.4103760612866, 2836.4103760612866, 1
1, 6488.97, 16.206388888888892, 1.4282750000000001e-05, 2808.9370497847635, 2808.9370497847635, 2759.4907920649734, 2759.4907920649734, 1
1, 9102.61, 16.285194444444446, -8.942944444444445e-05, 2818.671602724036, 2818.516904119351, 3834.159080502102, 3834.159080502102, 1
2, 5710.95, 16.44713888888889, -0.00024586555555555556, 2846.5001628335403, 2846.4027600083677, 2985.68307042672, 2986.193002864386, 1
2, 5690.56, 16.453277777777778, -0.00020829583333333333, 2851.651053411766, 2851.6109463661073, 2875.915816035557, 2876.01894843868, 1
2, 5670.47, 16.443055555555556, -0.0001526475, 2850.00093496179, 2849.9837462279356, 2876.0934329520474, 2876.144999153609, 1
2, 5650.68, 16.433194444444446, -0.00010588777777777778, 2848.2706024204945, 2848.264872842543, 2874.357370832801, 2874.3745595666546, 1
2, 5631.18, 16.423361111111113, -7.179750000000001e-05, 2846.5574586130533, 2846.5574586130533, 2872.6556861812624, 2872.6556861812624, 1
2, 5611.96, 16.413583333333335, -4.8916666666666665e-05, 2844.855773961515, 2844.855773961515, 2870.954001529724, 2870.954001529724, 1
2, 5593.02, 16.403805555555557, -3.4343333333333334e-05, 2843.1655484658786, 2843.1655484658786, 2869.2580464561365, 2869.2580464561365, 1
1, 6743.58, 16.393222222222224, -2.5574111111111112e-05, 2841.4352159245836, 2841.4352159245836, 2866.943296963808, 2866.931837807905, 1
1, 6707.26, 16.383555555555557, -2.0664194444444447e-05, 2839.6418580258246, 2839.6418580258246, 2865.7572743278874, 2865.7572743278874, 1
1, 6671.51, 16.373916666666666, -1.8343333333333334e-05, 2837.9745508419933, 2837.9745508419933, 2864.0613192543, 2864.0613192543, 1
1, 6636.32, 16.364305555555557, -1.761688888888889e-05, 2836.3129732361144, 2836.3129732361144, 2862.3825529145665, 2862.3825529145665, 1
1, 6601.68, 16.354722222222225, -1.7836694444444444e-05, 2834.6513956302347, 2834.6513956302347, 2860.7037865748334, 2860.7037865748334, 1
1, 6567.57, 16.345166666666668, -1.8633888888888892e-05, 2832.9955476023065, 2832.9955476023065, 2859.0307498130514, 2859.0307498130514, 1
1, 6533.99, 16.33563888888889, -1.9680722222222224e-05, 2831.3396995743788, 2831.3396995743788, 2857.3634426292206, 2857.3634426292206, 1
1, 6500.93, 16.326138888888888, -2.0753583333333334e-05, 2829.6953107023533, 2829.6953107023533, 2855.6961354453897, 2855.6961354453897, 1
1, 6666.62, 16.30552777777778, -2.1729611111111112e-05, 2826.7331189015267, 2826.7388484794783, 2829.580719143327, 2829.5749895653757, 1
1, 8978.05, 16.412055555555554, -2.3435805555555555e-05, 2840.524213030326, 2840.5184834523743, 3776.496608000136, 3776.496608000136, 1
2, 5644.54, 16.559833333333334, -2.3704027777777778e-05, 2866.347420856872, 2866.347420856872, 3012.3943628357188, 3012.044858580689, 1
2, 5625.13, 16.56811111111111, -6.701416666666667e-05, 2873.497934140105, 2873.314587645663, 2896.9548262727603, 2897.052229097933, 1
2, 5606.0, 16.559944444444444, -5.4929444444444445e-05, 2869.865381718975, 2869.7851676276573, 2896.4735417248503, 2896.51364877051, 1
2, 5587.15, 16.5515, -3.0994444444444445e-05, 2868.730925284616, 2868.7366548625673, 2895.0354176590727, 2895.046876814975, 1
2, 5568.58, 16.543277777777778, -1.8768e-05, 2867.2870716408866, 2867.2870716408866, 2893.597293593294, 2893.6030231712452, 1
2, 5550.27, 16.535222222222224, -1.2565416666666667e-05, 2865.883325042816, 2865.883325042816, 2892.187817417272, 2892.187817417272, 1
2, 5532.23, 16.527361111111112, -9.827305555555556e-06, 2864.513955912453, 2864.513955912453, 2890.8069891310065, 2890.8069891310065, 1
1, 6794.62, 16.518833333333333, -9.011472222222221e-06, 2863.1388572041396, 2863.1388572041396, 2888.7615298023898, 2888.7672593803413, 1
1, 6757.51, 16.511333333333337, -9.164222222222222e-06, 2861.7236514501665, 2861.7236514501665, 2888.0224142466714, 2888.0224142466714, 1
1, 6720.97, 16.503722222222223, -3.594916666666667e-06, 2860.4173076772677, 2860.4173076772677, 2887.518211386956, 2887.518211386956, 1
1, 6685.01, 16.496305555555555, 8.679916666666667e-07, 2859.1224230602725, 2859.1224230602725, 2885.2894055638967, 2885.209191472579, 1
1, 6649.61, 16.48836111111111, 3.5501944444444446e-06, 2857.7702426637634, 2857.7702426637634, 2883.9945209469015, 2884.0059801028037, 1
1, 6614.76, 16.480444444444444, 3.6656944444444446e-06, 2856.400873533401, 2856.400873533401, 2882.607963082685, 2882.607963082685, 1
1, 6580.45, 16.472555555555555, 2.1904694444444447e-06, 2855.0315044030385, 2855.0315044030385, 2881.221405218468, 2881.221405218468, 1
1, 6546.67, 16.464666666666666, -2.1606694444444444e-07, 2853.6621352726756, 2853.6621352726756, 2879.846306510154, 2879.846306510154, 1
1, 6727.06, 16.445027777777778, -3.088277777777778e-06, 2850.8775603883396, 2850.8775603883396, 2855.323712878555, 2855.306524144701, 1
1, 8944.69, 16.56125, -1.4968222222222223e-05, 2866.0724011152092, 2866.0609419593065, 3764.4129281008272, 3764.4129281008272, 1
2, 5616.78, 16.714111111111112, -4.802277777777778e-05, 2893.2936259618746, 2893.2764372280208, 2978.1830528884575, 2978.996652957543, 1
2, 5597.77, 16.713472222222222, -4.427138888888889e-05, 2896.7886685121725, 2896.7886685121725, 2922.371234064764, 2922.5316622474006, 1
2, 5579.04, 16.7055, -3.9883055555555555e-05, 2895.4192993818097, 2895.4192993818097, 2921.947245296367, 2921.9701636081722, 1
2, 5560.59, 16.697694444444444, -3.676111111111111e-05, 2894.055659829399, 2894.055659829399, 2920.5950648998582, 2920.5950648998582, 1
2, 5542.4, 16.68991666666667, -3.4950555555555555e-05, 2892.7034794328897, 2892.7034794328897, 2919.2428845033496, 2919.237154925398, 1
2, 5524.47, 16.682194444444445, -3.422416666666666e-05, 2891.3627581922838, 2891.3627581922838, 2917.890704106841, 2917.890704106841, 1
2, 5506.8, 16.674472222222224, -3.4261388888888895e-05, 2890.0220369516774, 2890.0220369516774, 2916.538523710332, 2916.538523710332, 1
1, 6854.61, 16.665944444444445, -3.479805555555555e-05, 2888.646938243364, 2888.646938243364, 2914.401391134494, 2914.401391134494, 1
1, 6816.55, 16.658250000000002, -3.5494444444444446e-05, 2887.2030845996337, 2887.2030845996337, 2913.731030514191, 2913.731030514191, 1
1, 6779.08, 16.650638888888892, -3.6209722222222224e-05, 2885.885281670833, 2885.885281670833, 2912.390309273585, 2912.390309273585, 1
1, 6742.21, 16.643055555555556, -3.678722222222223e-05, 2884.5732083199837, 2884.5732083199837, 2911.0610471888813, 2911.0610471888813, 1
1, 6705.91, 16.635472222222223, -3.712611111111111e-05, 2883.2611349691338, 2883.2611349691338, 2909.737514682129, 2909.737514682129, 1
1, 6670.19, 16.628833333333333, -3.445527777777778e-05, 2882.837146200737, 2882.837146200737, 2908.5343033123545, 2908.5343033123545, 1
1, 6635.01, 16.622666666666667, -2.9605e-05, 2881.0208699901723, 2881.0094108342696, 2907.4571426575085, 2907.4628722354596, 1
1, 6600.39, 16.616416666666666, -2.445280555555556e-05, 2879.9207910235214, 2879.9207910235214, 2906.357063690857, 2906.357063690857, 1
1, 6783.17, 16.598805555555554, -2.2474666666666667e-05, 2877.485720394215, 2877.485720394215, 2878.969681083604, 2879.004058551312, 1
1, 9091.37, 16.708444444444446, -1.5217805555555556e-05, 2891.907068097658, 2891.912797675609, 3825.994431921488, 3825.994431921488, 1
2, 5714.22, 16.8595, 4.820527777777778e-06, 2918.3490703429457, 2918.3662590767995, 3063.605330564512, 3063.0266431914297, 1
2, 5693.78, 16.871222222222222, -1.3187527777777777e-06, 2923.895301799812, 2923.901031377763, 2950.0794730372904, 2950.090932193193, 1
2, 5673.64, 16.865861111111112, -8.340916666666667e-06, 2923.133267932288, 2923.133267932288, 2949.9133152767026, 2949.9247744326053, 1
2, 5653.8, 16.860555555555557, -7.789583333333334e-06, 2922.2108058821273, 2922.2108058821273, 2949.7700758279198, 2949.752887094066, 1
2, 5634.26, 16.855305555555557, -8.94813888888889e-06, 2921.3169917217233, 2921.3169917217233, 2948.0340137086732, 2948.0168249748194, 1
2, 5615.0, 16.849666666666668, -1.0792166666666666e-05, 2920.3315043140983, 2920.3315043140983, 2947.111551658513, 2947.094362924659, 1
2, 5596.02, 16.84402777777778, -1.3336527777777777e-05, 2919.3517464844244, 2919.3517464844244, 2946.1146050949856, 2946.108875517034, 1
1, 6924.13, 16.837416666666666, -1.6365194444444446e-05, 2918.3318816090914, 2918.3318816090914, 2944.5733486260833, 2944.5733486260833, 1
1, 6884.96, 16.831805555555555, -1.9688166666666666e-05, 2917.2318026424405, 2917.2318026424405, 2944.0061204089034, 2944.0061204089034, 1
1, 6846.42, 16.82625, -2.3186194444444447e-05, 2916.274963124572, 2916.274963124572, 2943.020633001279, 2943.020633001279, 1
1, 6808.48, 16.820694444444445, -2.6784833333333335e-05, 2915.312394028752, 2915.312394028752, 2942.0523343275077, 2942.0523343275077, 1
1, 6771.15, 16.815194444444444, -3.0409444444444446e-05, 2914.3555545108834, 2914.3555545108834, 2941.0897652316876, 2941.0897652316876, 1
1, 6734.4, 16.809722222222224, -3.397083333333333e-05, 2913.4101741489176, 2913.4044445709665, 2940.1386552917706, 2940.1386552917706, 1
1, 6698.22, 16.804277777777777, -3.7390833333333335e-05, 2912.4647937869518, 2912.4647937869518, 2939.1875453518533, 2939.1875453518533, 1
1, 6662.62, 16.79888888888889, -4.062055555555555e-05, 2911.5251430029375, 2911.5251430029375, 2938.2421649898874, 2938.2421649898874, 1
1, 6856.11, 16.78161111111111, -4.3660277777777775e-05, 2909.2218526665115, 2909.2218526665115, 2909.9495090663277, 2909.9265907545223, 1
1, 9156.17, 16.89166666666667, -5.459777777777778e-05, 2923.44839471961, 2923.4426651416584, 3854.0922821947033, 3854.0922821947033, 1
2, 5753.68, 17.04211111111111, -7.40625e-05, 2949.758616672017, 2949.752887094066, 3094.7398571519207, 3095.054983939243, 1
2, 5732.66, 17.053805555555556, -7.269916666666668e-05, 2955.522572091033, 2955.522572091033, 2982.1708391425677, 2982.1708391425677, 1
2, 5711.95, 17.04827777777778, -6.888444444444444e-05, 2954.766267801461, 2954.766267801461, 2981.838523621392, 2981.8270644654895, 1
2, 5691.54, 17.042944444444444, -6.539361111111111e-05, 2953.826617017446, 2953.826617017446, 2980.904602415329, 2980.8988728373774, 1
2, 5671.44, 17.03761111111111, -6.271527777777777e-05, 2952.9041549672856, 2952.9041549672856, 2979.9764107872165, 2979.9764107872165, 1
2, 5651.63, 17.03275, -5.95675e-05, 2952.245253502885, 2952.245253502885, 2979.0825966268126, 2979.088326204764, 1
2, 5632.11, 17.02861111111111, -5.1099722222222226e-05, 2951.12798580238, 2951.1394449582826, 2978.3663993828995, 2978.3663993828995, 1
1, 6999.18, 17.023222222222223, -3.682444444444445e-05, 2950.492002649785, 2950.497732227736, 2976.498556970773, 2976.5329344384804, 1
1, 6958.81, 17.018805555555556, -2.582e-05, 2949.598188489381, 2949.598188489381, 2976.670444309312, 2976.670444309312, 1
1, 6919.09, 17.014583333333334, -1.6476972222222223e-05, 2948.8705320895647, 2948.8705320895647, 2975.925599175642, 2975.925599175642, 1
1, 6880.01, 17.010472222222223, -7.905055555555556e-06, 2948.1543348456507, 2948.1600644236023, 2975.203672353777, 2975.203672353777, 1
1, 6841.54, 17.0065, 3.948805555555556e-07, 2947.4667854914937, 2947.4667854914937, 2974.5046638437175, 2974.4989342657664, 1
1, 6803.68, 17.00261111111111, 8.665027777777778e-06, 2946.7906952932394, 2946.7906952932394, 2973.8228440675116, 2973.8171144895605, 1
1, 6766.42, 16.99866666666667, -2.329797222222222e-05, 2946.108875517034, 2946.1146050949856, 2973.599390527411, 2973.4618806565795, 1
1, 6729.75, 16.994611111111112, 5.546944444444445e-06, 2945.4270557408286, 2945.421326162877, 2972.505041138711, 2972.1841847734377, 1
1, 6942.04, 16.977444444444444, 7.150694444444445e-05, 2944.5962669378882, 2944.8598275236486, 2946.0057431139103, 2946.985500943584, 1
1, 9062.34, 17.10452777777778, 0.00026440611111111116, 2960.1979076993007, 2960.220826011106, 3818.6090059422518, 3818.6090059422518, 1
2, 5679.11, 17.26291666666667, 0.0006561138888888889, 2989.3786482053138, 2989.607831323366, 3015.7461659372343, 3013.454334756711, 1
2, 5659.19, 17.2565, 0.0005565611111111111, 2990.988659609631, 2991.005848343485, 3018.9031633884047, 3017.298881562039, 1
2, 5639.57, 17.25236111111111, 0.0004732916666666667, 2990.0776567153735, 2990.0833862933246, 3017.8661097792183, 3017.0983463337425, 1
2, 5620.23, 17.248194444444444, 0.0004190027777777778, 2989.3614594714595, 2989.367189049411, 3016.874892793642, 3016.6399800976383, 1
2, 5601.17, 17.24405555555556, 0.00039194444444444444, 2988.6452622275465, 2988.6452622275465, 3016.0555631466045, 3016.021185678897, 1
2, 5582.39, 17.239916666666666, 0.00038548611111111113, 2987.9290649836325, 2987.9290649836325, 3015.3221771688372, 3015.316447590886, 1
2, 5563.89, 17.235694444444444, 0.0004847527777777778, 2987.1956790058653, 2987.207138161768, 3015.0242391153697, 3015.0643461610284, 1
